Entity Name,Raw Entity Name,Canonical ID,Domain,Employee Count,Raw Employee Count,Website,Batch,Industry
CircuitHub LLC,CircuitHub LLC,ent_startup_circuithub,circuithub.com,58,30-58 employees,https://circuithub.com/,Winter 2012,Industrials
iCracked Corporation,iCracked Corporation,ent_startup_icracked,icracked.com,51,26-51 employees,http://icracked.com/,Winter 2012,Consumer
42Floors Ltd.,42Floors Ltd.,ent_startup_42floors,42floors.com,60,31-60 employees,http://42floors.com/,Winter 2012,Real Estate and Construction
Palantir,PlanGrid Technologies,ent_startup_palantir,plangrid.com,355,178-355 employees,http://plangrid.com/,Winter 2012,Real Estate and Construction
WireOver Inc. (YC W12),WireOver Inc. (YC W12),ent_startup_wireover_yc_w12,wireover.com,2,2-2 employees,http://wireover.com/,Winter 2012,B2B
The Muse (YC S11),The Muse (YC S11),ent_startup_the_muse_yc_s11,themuse.com,60,31-60 employees,http://themuse.com/,Winter 2012,B2B
SendHub Group Inc.,SendHub Group Inc.,ent_startup_sendhub_group,sendhub.com,51,26-51 employees,http://sendhub.com/,Winter 2012,B2B
Hipmob Inc.,Hipmob Inc.,ent_startup_hipmob,hipmob.com,2,2-2 employees,http://hipmob.com/,Winter 2012,B2B
MyVR LLC,MyVR LLC,ent_startup_myvr,myvr.com,15,8-15 employees,http://myvr.com/,Winter 2012,Real Estate and Construction
HireArt Corporation,HireArt Corporation,ent_startup_hireart,hireart.com,90,46-90 employees,http://hireart.com/,Winter 2012,B2B
Amiato Ltd.,Amiato Ltd.,ent_startup_amiato,noudata.com,2,2-2 employees,http://noudata.com/,Winter 2012,B2B
Medigram Technologies,Medigram Technologies,ent_startup_medigram,medigram.com,11,6-11 employees,http://medigram.com/,Winter 2012,Healthcare
Couple Inc. (YC W12),Couple Inc. (YC W12),ent_startup_couple_yc_w12,couple.me,2,2-2 employees,http://couple.me/,Winter 2012,Consumer
HackPad (YC S11),HackPad (YC S11),ent_startup_hackpad_yc_s11,hackpad.com,2,2-2 employees,http://hackpad.com/,Winter 2012,B2B
Rescale Group Inc.,Rescale Group Inc.,ent_startup_rescale_group,rescale.com,250,126-250 employees,https://rescale.com/,Winter 2012,B2B
SlidePay Inc.,SlidePay Inc.,ent_startup_slidepay,angel.co,2,2-2 employees,https://angel.co/slidepay,Winter 2012,Fintech
Tap to Learn LLC,Tap to Learn LLC,ent_startup_tap_to_learn,taptolearn.com,11,6-11 employees,http://taptolearn.com/,Winter 2012,Consumer
Optilly/Installmonetizer Corporation,Optilly/Installmonetizer Corporation,ent_startup_optilly_installmonetizer,optilly.com,11,6-11 employees,http://optilly.com/,Winter 2012,B2B
BookSolid Ltd.,BookSolid Ltd.,ent_startup_booksolid,booksolid.com,134,68-134 employees,http://booksolid.com/,Winter 2012,B2B
Gusto Technologies,Gusto Technologies,ent_startup_gusto,gusto.com,2400,1201-2400 employees,https://gusto.com/,Winter 2012,B2B
FamilyLeaf Inc. (YC W12),FamilyLeaf Inc. (YC W12),ent_startup_familyleaf_yc_w12,familyleaf.com,2,2-2 employees,http://familyleaf.com/,Winter 2012,Consumer
Marft (YC S11),Marft (YC S11),ent_startup_marft_yc_s11,marft.com,3,2-3 employees,http://marft.com/,Winter 2012,B2B
Minefold Group Inc.,Minefold Group Inc.,ent_startup_minefold_group,minefold.com,2,2-2 employees,http://minefold.com/,Winter 2012,B2B
Zipio Inc.,Zipio Inc.,ent_startup_zipio,dealupa.com,169,85-169 employees,http://dealupa.com/,Winter 2012,Consumer
Chute LLC,Chute LLC,ent_startup_chute,getchute.com,11,6-11 employees,http://getchute.com/,Winter 2012,B2B
Matterport Corporation,Matterport Corporation,ent_startup_matterport,matterport.com,201,101-201 employees,http://matterport.com/,Winter 2012,Consumer
Shoptiques Ltd.,Shoptiques Ltd.,ent_startup_shoptiques,shoptiques.com,51,26-51 employees,http://shoptiques.com/,Winter 2012,Consumer
CleverDeck Technologies,CleverDeck Technologies,ent_startup_cleverdeck,cleverdeck.com,1,1-1 employees,http://cleverdeck.com/,Winter 2012,Education
Make School Inc. (YC W12),Make School Inc. (YC W12),ent_startup_make_school_yc_w12,makeschool.com,45,23-45 employees,http://www.makeschool.com/,Winter 2012,Education
Pixelapse (YC S11),Pixelapse (YC S11),ent_startup_pixelapse_yc_s11,pixelapse.com,211,106-211 employees,http://pixelapse.com/,Winter 2012,B2B
Screenleap Group Inc.,Screenleap Group Inc.,ent_startup_screenleap_group,screenleap.com,4,3-4 employees,https://screenleap.com/,Winter 2012,B2B
Talkray (TiKL) Inc.,Talkray (TiKL) Inc.,ent_startup_talkray_tikl,talkray.com,2,2-2 employees,http://talkray.com/,Winter 2012,Consumer
Zillabyte LLC,Zillabyte LLC,ent_startup_zillabyte,zillabyte.com,2,2-2 employees,http://zillabyte.com/,Winter 2012,B2B
Exec Corporation,Exec Corporation,ent_startup_exec,iamexec.com,11,6-11 employees,http://iamexec.com/,Winter 2012,Consumer
Grouper Ltd.,Grouper Ltd.,ent_startup_grouper,joingrouper.com,11,6-11 employees,http://joingrouper.com/,Winter 2012,Consumer
Amplitude Technologies,Amplitude Technologies,ent_startup_amplitude,amplitude.com,750,376-750 employees,https://amplitude.com/,Winter 2012,B2B
LendUp Inc. (YC W12),LendUp Inc. (YC W12),ent_startup_lendup_yc_w12,lendup.com,201,101-201 employees,http://lendup.com/,Winter 2012,Fintech
Tilt (YC S11),Tilt (YC S11),ent_startup_tilt_yc_s11,tilt.com,51,26-51 employees,http://tilt.com/,Winter 2012,Fintech
Brace Group Inc.,Brace Group Inc.,ent_startup_brace_group,brace.io,274,138-274 employees,http://brace.io/,Winter 2012,B2B
Swiftype Inc.,Swiftype Inc.,ent_startup_swiftype,swiftype.com,50,26-50 employees,http://swiftype.com/,Winter 2012,B2B
LVL6 LLC,LVL6 LLC,ent_startup_lvl6,lvl6.com,2,2-2 employees,http://lvl6.com/,Winter 2012,Consumer
BarSense Corporation,BarSense Corporation,ent_startup_barsense,kytephone.com,295,148-295 employees,http://kytephone.com/,Winter 2012,Consumer
FarmLogs Ltd.,FarmLogs Ltd.,ent_startup_farmlogs,farmlogs.com,5,3-5 employees,http://farmlogs.com/,Winter 2012,Industrials
99dresses Technologies,99dresses Technologies,ent_startup_99dresses,99dresses.com,2,2-2 employees,http://99dresses.com/,Winter 2012,Consumer
Authy Inc. (YC W12),Authy Inc. (YC W12),ent_startup_authy_yc_w12,authy.com,201,101-201 employees,http://authy.com/,Winter 2012,B2B
Flutter (YC S11),Flutter (YC S11),ent_startup_flutter_yc_s11,flutterapp.com,2,2-2 employees,http://flutterapp.com/,Winter 2012,B2B
Fond Group Inc.,Fond Group Inc.,ent_startup_fond_group,fond.co,51,26-51 employees,http://fond.co/,Winter 2012,B2B
Per Vices Inc.,Per Vices Inc.,ent_startup_per_vices,pervices.com,11,6-11 employees,https://www.pervices.com/,Winter 2012,Industrials
Loom LLC,Loom LLC,ent_startup_loom,loom.com,2,2-2 employees,http://loom.com/,Winter 2012,Consumer
Documents.Me Corporation,Documents.Me Corporation,ent_startup_documents_me,documents.me,351,176-351 employees,http://documents.me/,Winter 2012,B2B
Ark Ltd.,Ark Ltd.,ent_startup_ark,ark.com,11,6-11 employees,http://ark.com/,Winter 2012,Consumer
SolidStage Technologies,SolidStage Technologies,ent_startup_solidstage,solidstage.com,365,183-365 employees,http://solidstage.com/,Winter 2012,B2B
YourMechanic Inc. (YC W12),YourMechanic Inc. (YC W12),ent_startup_yourmechanic_yc_w12,yourmechanic.com,115,58-115 employees,http://yourmechanic.com/,Winter 2012,Consumer
Priceonomics (YC S11),Priceonomics (YC S11),ent_startup_priceonomics_yc_s11,priceonomics.com,2,2-2 employees,http://priceonomics.com/,Winter 2012,B2B
Sendwave Group Inc.,Sendwave Group Inc.,ent_startup_sendwave_group,sendwave.com,350,176-350 employees,https://www.sendwave.com/,Winter 2012,Fintech
Glider Inc.,Glider Inc.,ent_startup_glider,glider.io,2,2-2 employees,http://glider.io/,Winter 2012,B2B
Medmonk LLC,Medmonk LLC,ent_startup_medmonk,medmonk.com,2,2-2 employees,http://medmonk.com/,Winter 2012,Healthcare
Carsabi Corporation,Carsabi Corporation,ent_startup_carsabi,carsabi.com,2,2-2 employees,http://carsabi.com/,Winter 2012,Consumer
Y Combinator Ltd.,Y Combinator Ltd.,ent_startup_y_combinator,ycombinator.com,100,51-100 employees,https://www.ycombinator.com/,Unspecified,Fintech
Socialcam Technologies,Socialcam Technologies,ent_startup_socialcam,socialcam.com,421,211-421 employees,http://www.socialcam.com/,Winter 2012,Consumer
GiveSpark Inc. (YC W12),GiveSpark Inc. (YC W12),ent_startup_givespark_yc_w12,givespark.com,1,1-1 employees,http://givespark.com/,Winter 2012,B2B
Shopular (YC S11),Shopular (YC S11),ent_startup_shopular_yc_s11,shopular.com,11,6-11 employees,http://shopular.com/,Winter 2012,Consumer
Picplum Group Inc.,Picplum Group Inc.,ent_startup_picplum_group,picplum.com,2,2-2 employees,https://picplum.com/,Summer 2011,Consumer
Freshplum Inc.,Freshplum Inc.,ent_startup_freshplum,freshplum.com,8,5-8 employees,http://freshplum.com/,Summer 2011,B2B
Clutch LLC,Clutch LLC,ent_startup_clutch,clutch.io,2,2-2 employees,http://clutch.io/,Summer 2011,B2B
Apollo Corporation,Apollo Corporation,ent_startup_apollo,apollographql.com,200,101-200 employees,http://apollographql.com/,Summer 2011,B2B
HackerRank Ltd.,HackerRank Ltd.,ent_startup_hackerrank,hackerrank.com,300,151-300 employees,http://hackerrank.com/,Summer 2011,B2B
Stypi Technologies,Stypi Technologies,ent_startup_stypi,stypi.com,2,2-2 employees,https://stypi.com/,Summer 2011,B2B
Genius Inc. (YC W12),Genius Inc. (YC W12),ent_startup_genius_yc_w12,genius.com,101,51-101 employees,https://genius.com/,Summer 2011,Consumer
OneSignal (YC S11),OneSignal (YC S11),ent_startup_onesignal_yc_s11,onesignal.com,150,76-150 employees,https://onesignal.com/,Summer 2011,B2B
Zigfu Group Inc.,Zigfu Group Inc.,ent_startup_zigfu_group,breaks.nu,2,2-2 employees,http://breaks.nu/,Summer 2011,Consumer
PayDragon Inc.,PayDragon Inc.,ent_startup_paydragon,paperlinks.com,11,6-11 employees,http://paperlinks.com/,Summer 2011,Consumer
Aisle50 LLC,Aisle50 LLC,ent_startup_aisle50,aisle50.com,11,6-11 employees,http://aisle50.com/,Summer 2011,Consumer
Debteye Corporation,Debteye Corporation,ent_startup_debteye,debteye.com,2,2-2 employees,http://debteye.com/,Summer 2011,Fintech
Proxino Ltd.,Proxino Ltd.,ent_startup_proxino,proxino.com,26,14-26 employees,http://proxino.com/,Summer 2011,B2B
Streak Technologies,Streak Technologies,ent_startup_streak,streak.com,35,18-35 employees,http://streak.com/,Summer 2011,B2B
Science Exchange Inc. (YC W12),Science Exchange Inc. (YC W12),ent_startup_science_exchange_yc_w12,scienceexchange.com,50,26-50 employees,https://www.scienceexchange.com/,Summer 2011,Healthcare
PhoneSys (YC S11),PhoneSys (YC S11),ent_startup_phonesys_yc_s11,pingm.net,4,3-4 employees,http://pingm.net/,Summer 2011,B2B
Quartzy Group Inc.,Quartzy Group Inc.,ent_startup_quartzy_group,quartzy.com,100,51-100 employees,https://www.quartzy.com/,Summer 2011,Healthcare
Codecademy Inc.,Codecademy Inc.,ent_startup_codecademy,codecademy.com,225,113-225 employees,http://codecademy.com/,Summer 2011,Education
Cryptoseal LLC,Cryptoseal LLC,ent_startup_cryptoseal,cryptoseal.com,3,2-3 employees,http://cryptoseal.com/,Summer 2011,B2B
Segment Corporation,Segment Corporation,ent_startup_segment,segment.com,550,276-550 employees,http://segment.com/,Summer 2011,B2B
Citus Data Ltd.,Citus Data Ltd.,ent_startup_citus_data,citusdata.com,45,23-45 employees,http://citusdata.com/,Summer 2011,B2B
AgileMD Technologies,AgileMD Technologies,ent_startup_agilemd,agilemd.com,19,10-19 employees,https://agilemd.com/,Summer 2011,Healthcare
Clerky Inc. (YC W12),Clerky Inc. (YC W12),ent_startup_clerky_yc_w12,clerky.com,35,18-35 employees,https://www.clerky.com/,Summer 2011,B2B
Quad (YC S11),Quad (YC S11),ent_startup_quad_yc_s11,thequad.com,12,7-12 employees,http://thequad.com/,Summer 2011,Education
Dubjoy Group Inc.,Dubjoy Group Inc.,ent_startup_dubjoy_group,dubjoy.com,2,2-2 employees,http://dubjoy.com/,Summer 2011,B2B
Zenbox Inc.,Zenbox Inc.,ent_startup_zenbox,zenboxapp.com,2,2-2 employees,http://zenboxapp.com/,Summer 2011,B2B
Realm LLC,Realm LLC,ent_startup_realm,realm.io,51,26-51 employees,http://realm.io/,Summer 2011,B2B
Firebase Corporation,Firebase Corporation,ent_startup_firebase,firebase.com,500,251-500 employees,http://firebase.com/,Summer 2011,B2B
GoCardless Ltd.,GoCardless Ltd.,ent_startup_gocardless,gocardless.com,900,451-900 employees,http://gocardless.com/,Summer 2011,Fintech
Pagelever Technologies,Pagelever Technologies,ent_startup_pagelever,pagelever.com,11,6-11 employees,http://pagelever.com/,Summer 2011,B2B
MarketBrief Inc. (YC W12),MarketBrief Inc. (YC W12),ent_startup_marketbrief_yc_w12,marketbrief.com,2,2-2 employees,http://marketbrief.com/,Summer 2011,Fintech
Fobo (YC S11),Fobo (YC S11),ent_startup_fobo_yc_s11,fobo.net,2,2-2 employees,http://fobo.net/,Summer 2011,Consumer
Sift Group Inc.,Sift Group Inc.,ent_startup_sift_group,sift.com,166,84-166 employees,https://sift.com/,Summer 2011,B2B
Verbling Inc.,Verbling Inc.,ent_startup_verbling,verbling.com,2,2-2 employees,http://verbling.com/,Summer 2011,Education
Embark LLC,Embark LLC,ent_startup_embark,letsembark.com,2,2-2 employees,https://letsembark.com/,Summer 2011,Consumer
LeadGenius Corporation,LeadGenius Corporation,ent_startup_leadgenius,leadgenius.com,50,26-50 employees,http://leadgenius.com/,Summer 2011,B2B
Caviar Ltd.,Caviar Ltd.,ent_startup_caviar,trycaviar.com,51,26-51 employees,http://trycaviar.com/,Summer 2011,Consumer
Interstate Technologies,Interstate Technologies,ent_startup_interstate,interstateapp.com,2,2-2 employees,http://interstateapp.com/,Summer 2011,B2B
Everyme Inc. (YC W12),Everyme Inc. (YC W12),ent_startup_everyme_yc_w12,everyme.com,2,2-2 employees,http://everyme.com/,Summer 2011,Consumer
Opez (YC S11),Opez (YC S11),ent_startup_opez_yc_s11,opez.com,11,6-11 employees,http://opez.com/,Summer 2011,Consumer
MixRank Group Inc.,MixRank Group Inc.,ent_startup_mixrank_group,mixrank.com,31,16-31 employees,https://mixrank.com/,Summer 2011,B2B
Kicksend Inc.,Kicksend Inc.,ent_startup_kicksend,kicksend.com,11,6-11 employees,http://kicksend.com/,Summer 2011,Consumer
Videopixie LLC,Videopixie LLC,ent_startup_videopixie,videopixie.com,11,6-11 employees,http://videopixie.com/,Summer 2011,B2B
Vapor Corporation,Vapor Corporation,ent_startup_vapor,askolo.com,2,2-2 employees,http://askolo.com/,Summer 2011,Consumer
Launchpad Toys Ltd.,Launchpad Toys Ltd.,ent_startup_launchpad_toys,launchpadtoys.com,2,2-2 employees,http://launchpadtoys.com/,Summer 2011,Consumer
Imgix Technologies,Imgix Technologies,ent_startup_imgix,imgix.com,34,18-34 employees,https://www.imgix.com/,Summer 2011,B2B
Compose Inc. (YC W12),Compose Inc. (YC W12),ent_startup_compose_yc_w12,mongohq.com,51,26-51 employees,http://mongohq.com/,Summer 2011,B2B
GlassMap (YC S11),GlassMap (YC S11),ent_startup_glassmap_yc_s11,ansibletechnologies.com,11,6-11 employees,http://ansibletechnologies.com/,Summer 2011,Consumer
Vidyard Group Inc.,Vidyard Group Inc.,ent_startup_vidyard_group,vidyard.com,201,101-201 employees,http://vidyard.com/,Summer 2011,B2B
Leaky Inc.,Leaky Inc.,ent_startup_leaky,leaky.com,2,2-2 employees,http://leaky.com/,Summer 2011,Fintech
Ridejoy LLC,Ridejoy LLC,ent_startup_ridejoy,ridejoy.com,11,6-11 employees,http://ridejoy.com/,Summer 2011,Consumer
TapEngage Corporation,TapEngage Corporation,ent_startup_tapengage,tapengage.com,2,2-2 employees,http://tapengage.com/,Summer 2011,B2B
Snapjoy Ltd.,Snapjoy Ltd.,ent_startup_snapjoy,snapjoy.com,11,6-11 employees,http://snapjoy.com/,Summer 2011,Consumer
Perfect Audience Technologies,Perfect Audience Technologies,ent_startup_perfect_audience,perfectaudience.com,11,6-11 employees,http://perfectaudience.com/,Summer 2011,B2B
Rentobo Inc. (YC W12),Rentobo Inc. (YC W12),ent_startup_rentobo_yc_w12,rentobo.com,11,6-11 employees,http://rentobo.com/,Summer 2011,Real Estate and Construction
Draft (YC S11),Draft (YC S11),ent_startup_draft_yc_s11,draftin.com,1,1-1 employees,http://draftin.com/,Summer 2011,B2B
Parse Group Inc.,Parse Group Inc.,ent_startup_parse_group,parse.com,11,6-11 employees,http://parse.com/,Summer 2011,B2B
Zeus Inc.,Zeus Inc.,ent_startup_zeus,zeusliving.com,200,101-200 employees,https://zeusliving.com/,Summer 2011,Real Estate and Construction
Userfox LLC,Userfox LLC,ent_startup_userfox,userfox.com,2,2-2 employees,http://userfox.com/,Winter 2011,B2B
Automatic Corporation,Automatic Corporation,ent_startup_automatic,automatic.com,51,26-51 employees,http://automatic.com/,Summer 2011,Consumer
Hungry Labs Ltd.,Hungry Labs Ltd.,ent_startup_hungry,hungrylabs.com,2,2-2 employees,http://hungrylabs.com/,Summer 2011,Consumer
Inporia Technologies,Inporia Technologies,ent_startup_inporia,inporia.com,11,6-11 employees,http://inporia.com/,Winter 2011,Consumer
Upverter Inc. (YC W12),Upverter Inc. (YC W12),ent_startup_upverter_yc_w12,upverter.com,11,6-11 employees,http://upverter.com/,Winter 2011,B2B
SingleStore (YC S11),SingleStore (YC S11),ent_startup_singlestore_yc_s11,singlestore.com,150,76-150 employees,https://www.singlestore.com/,Winter 2011,B2B
Beetailer Group Inc.,Beetailer Group Inc.,ent_startup_beetailer_group,beetailer.com,2,2-2 employees,http://beetailer.com/,Winter 2011,B2B
TellFi Inc.,TellFi Inc.,ent_startup_tellfi,tellfi.com,2,2-2 employees,http://tellfi.com/,Winter 2011,B2B
Assembled LLC,Assembled LLC,ent_startup_assembled,,2,2-2 employees,,Winter 2011,Consumer
Talkable Corporation,Talkable Corporation,ent_startup_talkable,talkable.com,76,39-76 employees,http://talkable.com/,Winter 2011,B2B
FitFu Ltd.,FitFu Ltd.,ent_startup_fitfu,fitfu.com,2,2-2 employees,http://fitfu.com/,Winter 2011,Consumer
AppHarbor Technologies,AppHarbor Technologies,ent_startup_appharbor,appharbor.com,1,1-1 employees,https://appharbor.com/,Winter 2011,B2B
Tumult Inc. (YC W12),Tumult Inc. (YC W12),ent_startup_tumult_yc_w12,tumult.com,1,1-1 employees,https://tumult.com/,Winter 2011,B2B
Earbits (YC S11),Earbits (YC S11),ent_startup_earbits_yc_s11,earbits.com,15,8-15 employees,http://earbits.com/,Winter 2011,B2B
Acunote Group Inc.,Acunote Group Inc.,ent_startup_acunote_group,acunote.com,446,224-446 employees,http://acunote.com/,Winter 2011,B2B
Sendoid Inc.,Sendoid Inc.,ent_startup_sendoid,sendoid.com,2,2-2 employees,http://sendoid.com/,Winter 2011,B2B
HelloSign LLC,HelloSign LLC,ent_startup_hellosign,hellosign.com,100,51-100 employees,https://www.hellosign.com/,Winter 2011,B2B
Instapainting Corporation,Instapainting Corporation,ent_startup_instapainting,instapainting.com,2,2-2 employees,http://instapainting.com/,Winter 2011,Consumer
You Got Listings Ltd.,You Got Listings Ltd.,ent_startup_you_got_listings,yougotlistings.com,3,2-3 employees,http://www.yougotlistings.com/,Winter 2011,Real Estate and Construction
Hotspots Technologies,Hotspots Technologies,ent_startup_hotspots,moki.tv,2,2-2 employees,http://moki.tv/,Winter 2011,B2B
Tremendous Inc. (YC W12),Tremendous Inc. (YC W12),ent_startup_tremendous_yc_w12,tremendous.com,150,76-150 employees,https://www.tremendous.com/,Winter 2011,Fintech
Custora (YC S11),Custora (YC S11),ent_startup_custora_yc_s11,custora.com,11,6-11 employees,http://custora.com/,Winter 2011,B2B
Comprehend Group Inc.,Comprehend Group Inc.,ent_startup_comprehend_group,comprehend.com,51,26-51 employees,http://comprehend.com/,Winter 2011,Healthcare
Humble Bundle Inc.,Humble Bundle Inc.,ent_startup_humble_bundle,humble.com,100,51-100 employees,https://humble.com/,Winter 2011,Consumer
Pebble LLC,Pebble LLC,ent_startup_pebble,getpebble.com,51,26-51 employees,http://getpebble.com/,Winter 2011,Consumer
Hyperink Corporation,Hyperink Corporation,ent_startup_hyperink,hyperinkpress.com,11,6-11 employees,http://hyperinkpress.com/,Winter 2011,Consumer
Insight Data Science Ltd.,Insight Data Science Ltd.,ent_startup_insight_data_science,insightdatascience.com,11,6-11 employees,http://insightdatascience.com/,Winter 2011,Education
Convore Technologies,Convore Technologies,ent_startup_convore,convore.com,2,2-2 employees,http://convore.com/,Winter 2011,Consumer
Flotype Inc. (YC W12),Flotype Inc. (YC W12),ent_startup_flotype_yc_w12,flotype.com,2,2-2 employees,https://flotype.com/,Winter 2011,B2B
Fivestars (YC S11),Fivestars (YC S11),ent_startup_fivestars_yc_s11,fivestars.com,201,101-201 employees,http://fivestars.com/,Winter 2011,B2B
Apportable Group Inc.,Apportable Group Inc.,ent_startup_apportable_group,apportable.com,51,26-51 employees,http://apportable.com/,Winter 2011,B2B
Close Inc.,Close Inc.,ent_startup_close,close.com,120,61-120 employees,https://close.com/,Winter 2011,B2B
Balanced LLC,Balanced LLC,ent_startup_balanced,balancedpayments.com,11,6-11 employees,http://balancedpayments.com/,Winter 2011,Fintech
Mailgun Corporation,Mailgun Corporation,ent_startup_mailgun,mailgun.net,51,26-51 employees,http://mailgun.net/,Winter 2011,B2B
Tutorspree Ltd.,Tutorspree Ltd.,ent_startup_tutorspree,tutorspree.com,51,26-51 employees,http://tutorspree.com/,Winter 2011,Education
Mino Games Technologies,Mino Games Technologies,ent_startup_mino_games,minomonsters.com,11,6-11 employees,http://minomonsters.com/,Winter 2011,Consumer
Lanyrd Inc. (YC W12),Lanyrd Inc. (YC W12),ent_startup_lanyrd_yc_w12,lanyrd.com,2,2-2 employees,http://lanyrd.com/,Winter 2011,Consumer
TrustEgg (YC S11),TrustEgg (YC S11),ent_startup_trustegg_yc_s11,fidoosh.com,2,2-2 employees,http://fidoosh.com/,Winter 2011,Fintech
Siasto Group Inc.,Siasto Group Inc.,ent_startup_siasto_group,siasto.com,2,2-2 employees,http://siasto.com/,Winter 2011,B2B
GOAT Group Inc.,GOAT Group Inc.,ent_startup_goat_group,goatgroup.com,1600,801-1600 employees,https://www.goatgroup.com/,Winter 2011,Consumer
OrderAhead LLC,OrderAhead LLC,ent_startup_orderahead,crunchbase.com,50,26-50 employees,https://www.crunchbase.com/organization/orderahead,Winter 2011,Consumer
DrChrono Corporation,DrChrono Corporation,ent_startup_drchrono,drchrono.com,150,76-150 employees,https://www.drchrono.com/,Winter 2011,Healthcare
Zerocater Ltd.,Zerocater Ltd.,ent_startup_zerocater,zerocater.com,140,71-140 employees,http://zerocater.com/,Winter 2011,B2B
Storyworth Technologies,Storyworth Technologies,ent_startup_storyworth,storyworth.com,13,7-13 employees,https://www.storyworth.com/,Winter 2011,Consumer
TalkBin Inc. (YC W12),TalkBin Inc. (YC W12),ent_startup_talkbin_yc_w12,talkbin.com,156,79-156 employees,http://talkbin.com/,Winter 2011,B2B
Venuetastic (YC S11),Venuetastic (YC S11),ent_startup_venuetastic_yc_s11,venuetastic.com,2,2-2 employees,http://venuetastic.com/,Winter 2011,B2B
SimplyListed Group Inc.,SimplyListed Group Inc.,ent_startup_simplylisted_group,simplylisted.com,2,2-2 employees,http://simplylisted.com/,Winter 2011,Consumer
Chartio Inc.,Chartio Inc.,ent_startup_chartio,chartio.com,40,21-40 employees,https://chartio.com/,Summer 2010,B2B
Presto LLC,Presto LLC,ent_startup_presto,presto.com,200,101-200 employees,http://presto.com/,Summer 2010,B2B
Hipmunk Corporation,Hipmunk Corporation,ent_startup_hipmunk,hipmunk.com,51,26-51 employees,http://hipmunk.com/,Summer 2010,Consumer
Teevox Ltd.,Teevox Ltd.,ent_startup_teevox,teevox.com,11,6-11 employees,https://teevox.com/,Summer 2010,Consumer
Rapportive Technologies,Rapportive Technologies,ent_startup_rapportive,rapportive.com,2,2-2 employees,http://rapportive.com/,Summer 2010,B2B
Recurse Center Inc. (YC W12),Recurse Center Inc. (YC W12),ent_startup_recurse_center_yc_w12,recurse.com,7,4-7 employees,https://www.recurse.com/,Summer 2010,Education
Simperium (YC S11),Simperium (YC S11),ent_startup_simperium_yc_s11,simperium.com,2,2-2 employees,http://simperium.com/,Summer 2010,B2B
AeroFS Group Inc.,AeroFS Group Inc.,ent_startup_aerofs_group,aerofs.com,40,21-40 employees,http://aerofs.com/,Summer 2010,B2B
Chirply Inc.,Chirply Inc.,ent_startup_chirply,chirply.com,2,2-2 employees,http://chirply.com/,Summer 2010,Consumer
Habit Labs LLC,Habit Labs LLC,ent_startup_habit,habitlabs.com,2,2-2 employees,http://habitlabs.com/,Summer 2010,Consumer
PadMapper Corporation,PadMapper Corporation,ent_startup_padmapper,padmapper.com,2,2-2 employees,http://padmapper.com/,Summer 2010,Real Estate and Construction
DemandSphere Ltd.,DemandSphere Ltd.,ent_startup_demandsphere,demandsphere.com,40,21-40 employees,https://www.demandsphere.com/,Summer 2010,B2B
AnyList Technologies,AnyList Technologies,ent_startup_anylist,anylist.com,3,2-3 employees,https://www.anylist.com/,Summer 2010,Consumer
Brushes Inc. (YC W12),Brushes Inc. (YC W12),ent_startup_brushes_yc_w12,brushesapp.com,268,135-268 employees,http://brushesapp.com/,Summer 2010,B2B
Gantto (YC S11),Gantto (YC S11),ent_startup_gantto_yc_s11,gantto.com,275,138-275 employees,http://gantto.com/,Summer 2010,B2B
Homejoy Group Inc.,Homejoy Group Inc.,ent_startup_homejoy_group,homejoy.com,201,101-201 employees,http://homejoy.com/,Summer 2010,Consumer
1000Memories Inc.,1000Memories Inc.,ent_startup_1000memories,ancestry.com,2,2-2 employees,http://ancestry.com/,Summer 2010,Consumer
GazeHawk LLC,GazeHawk LLC,ent_startup_gazehawk,gazehawk.com,2,2-2 employees,http://gazehawk.com/,Summer 2010,B2B
Leftronic Corporation,Leftronic Corporation,ent_startup_leftronic,leftronic.com,11,6-11 employees,http://leftronic.com/,Summer 2010,Consumer
Upbeat Ltd.,Upbeat Ltd.,ent_startup_upbeat,upbeatpr.com,2,2-2 employees,https://www.upbeatpr.com/,Summer 2010,Consumer
Opzi Technologies,Opzi Technologies,ent_startup_opzi,opzi.com,2,2-2 employees,http://opzi.com/,Summer 2010,Consumer
FutureAdvisor Inc. (YC W12),FutureAdvisor Inc. (YC W12),ent_startup_futureadvisor_yc_w12,futureadvisor.com,51,26-51 employees,http://futureadvisor.com/,Summer 2010,Fintech
Docker (YC S11),Docker (YC S11),ent_startup_docker_yc_s11,docker.com,201,101-201 employees,http://docker.com/,Summer 2010,B2B
Post.fm Group Inc.,Post.fm Group Inc.,ent_startup_post_fm_group,post.fm,338,170-338 employees,http://post.fm/,Summer 2010,B2B
inDinero Inc.,inDinero Inc.,ent_startup_indinero,indinero.com,250,126-250 employees,http://indinero.com/,Summer 2010,B2B
WorkFlowy LLC,WorkFlowy LLC,ent_startup_workflowy,workflowy.com,4,3-4 employees,http://workflowy.com/,Summer 2010,B2B
PagerDuty Corporation,PagerDuty Corporation,ent_startup_pagerduty,pagerduty.com,950,476-950 employees,http://pagerduty.com/,Summer 2010,B2B
Ready For Zero Ltd.,Ready For Zero Ltd.,ent_startup_ready_for_zero,readyforzero.com,12,7-12 employees,http://readyforzero.com/,Summer 2010,Fintech
MessageParty Technologies,MessageParty Technologies,ent_startup_messageparty,messageparty.com,1,1-1 employees,http://messageparty.com/,Summer 2010,Consumer
Fanvibe Inc. (YC W12),Fanvibe Inc. (YC W12),ent_startup_fanvibe_yc_w12,fanvibe.com,2,2-2 employees,http://fanvibe.com/,Summer 2010,Consumer
Fridge (YC S11),Fridge (YC S11),ent_startup_fridge_yc_s11,frid.ge,2,2-2 employees,http://frid.ge/,Summer 2010,Consumer
Tapzilla Group Inc.,Tapzilla Group Inc.,ent_startup_tapzilla_group,tapzilla.com,2,2-2 employees,http://tapzilla.com/,Summer 2010,B2B
Whereoscope Inc.,Whereoscope Inc.,ent_startup_whereoscope,whereoscope.com,2,2-2 employees,http://whereoscope.com/,Summer 2010,Consumer
AdGrok LLC,AdGrok LLC,ent_startup_adgrok,adgrok.com,2,2-2 employees,http://adgrok.com/,Summer 2010,B2B
Pribbit Corporation,Pribbit Corporation,ent_startup_pribbit,pribbit.com,415,208-415 employees,http://pribbit.com/,Summer 2010,Consumer
Koduco Ltd.,Koduco Ltd.,ent_startup_koduco,koduco.com,2,2-2 employees,http://koduco.com/,Summer 2010,Consumer
Mertado Technologies,Mertado Technologies,ent_startup_mertado,mertado.com,1,1-1 employees,http://mertado.com/,Winter 2010,B2B
500Friends Inc. (YC W12),500Friends Inc. (YC W12),ent_startup_500friends_yc_w12,500friends.com,51,26-51 employees,http://500friends.com/,Winter 2010,B2B
All Screen (YC S11),All Screen (YC S11),ent_startup_all_screen_yc_s11,140fire.com,11,6-11 employees,http://140fire.com/,Winter 2010,B2B
Crocodoc Group Inc.,Crocodoc Group Inc.,ent_startup_crocodoc_group,crocodoc.com,450,226-450 employees,https://crocodoc.com/,Winter 2010,B2B
Bitplay Inc.,Bitplay Inc.,ent_startup_bitplay,meetings.io,2,2-2 employees,http://meetings.io/,Winter 2010,Consumer
Fabricly LLC,Fabricly LLC,ent_startup_fabricly,fabricly.com,2,2-2 employees,http://fabricly.com/,Winter 2010,B2B
Embedly Corporation,Embedly Corporation,ent_startup_embedly,embed.ly,2,2-2 employees,http://embed.ly/,Winter 2010,B2B
Creative Market Ltd.,Creative Market Ltd.,ent_startup_creative_market,creativemarket.com,478,240-478 employees,https://creativemarket.com/,Winter 2010,B2B
Nowmov Technologies,Nowmov Technologies,ent_startup_nowmov,nowmov.com,485,243-485 employees,http://nowmov.com/,Winter 2010,Consumer
Optimizely Inc. (YC W12),Optimizely Inc. (YC W12),ent_startup_optimizely_yc_w12,optimizely.com,1500,751-1500 employees,http://optimizely.com/,Winter 2010,B2B
LaunchHear (YC S11),LaunchHear (YC S11),ent_startup_launchhear_yc_s11,alexkrupp.com,2,2-2 employees,http://alexkrupp.com/,Winter 2010,B2B
Zencoder Group Inc.,Zencoder Group Inc.,ent_startup_zencoder_group,zencoder.com,11,6-11 employees,http://zencoder.com/,Winter 2010,B2B
Cue Inc.,Cue Inc.,ent_startup_cue,cueup.com,11,6-11 employees,http://cueup.com/,Winter 2010,Consumer
Answerly LLC,Answerly LLC,ent_startup_answerly,answerly.com,11,6-11 employees,http://answerly.com/,Winter 2010,Consumer
OwnLocal Corporation,OwnLocal Corporation,ent_startup_ownlocal,ownlocal.com,45,23-45 employees,http://ownlocal.com/,Winter 2010,B2B
Zenedy Ltd.,Zenedy Ltd.,ent_startup_zenedy,zenedy.com,2,2-2 employees,http://zenedy.com/,Winter 2010,Consumer
Gamador Technologies,Gamador Technologies,ent_startup_gamador,gamador.com,2,2-2 employees,http://gamador.com/,Winter 2010,Consumer
Fithub Inc. (YC W12),Fithub Inc. (YC W12),ent_startup_fithub_yc_w12,fithub.com,48,25-48 employees,http://fithub.com/,Winter 2010,B2B
Cardpool (YC S11),Cardpool (YC S11),ent_startup_cardpool_yc_s11,cardpool.com,251,126-251 employees,http://cardpool.com/,Winter 2010,Consumer
Movity Group Inc.,Movity Group Inc.,ent_startup_movity_group,movity.com,2,2-2 employees,http://movity.com/,Winter 2010,Real Estate and Construction
Etacts Inc.,Etacts Inc.,ent_startup_etacts,etacts.com,2,2-2 employees,http://etacts.com/,Winter 2010,B2B
Data Marketplace LLC,Data Marketplace LLC,ent_startup_data_marketplace,datamarketplace.com,2,2-2 employees,http://datamarketplace.com/,Winter 2010,B2B
Newslabs Corporation,Newslabs Corporation,ent_startup_newslabs,newslabs.com,2,2-2 employees,http://newslabs.com/,Winter 2010,B2B
Newcope Ltd.,Newcope Ltd.,ent_startup_newcope,newcope.com,2,2-2 employees,http://newcope.com/,Winter 2010,Consumer
Infoharmoni Technologies,Infoharmoni Technologies,ent_startup_infoharmoni,infoharmoni.com,2,2-2 employees,http://infoharmoni.com/,Winter 2010,B2B
Notifo Inc. (YC W12),Notifo Inc. (YC W12),ent_startup_notifo_yc_w12,notifo.com,2,2-2 employees,http://notifo.com/,Winter 2010,B2B
Listia (YC S11),Listia (YC S11),ent_startup_listia_yc_s11,listia.com,6,4-6 employees,http://listia.com/,Summer 2009,Consumer
Stripe Group Inc.,Stripe Group Inc.,ent_startup_stripe_group,stripe.com,7000,3501-7000 employees,http://stripe.com/,Summer 2009,Fintech
HighlightCam Inc.,HighlightCam Inc.,ent_startup_highlightcam,highlightcam.com,11,6-11 employees,http://highlightcam.com/,Summer 2009,Consumer
DailyBooth LLC,DailyBooth LLC,ent_startup_dailybooth,dailybooth.com,2,2-2 employees,http://dailybooth.com/,Summer 2009,Consumer
Bump Corporation,Bump Corporation,ent_startup_bump,bumptechnologies.com,30,16-30 employees,http://bumptechnologies.com/,Summer 2009,Consumer
WePay Ltd.,WePay Ltd.,ent_startup_wepay,wepay.com,400,201-400 employees,http://wepay.com/,Summer 2009,Fintech
Directed Edge Technologies,Directed Edge Technologies,ent_startup_directed_edge,directededge.com,2,2-2 employees,http://directededge.com/,Summer 2009,Consumer
RethinkDB Inc. (YC W12),RethinkDB Inc. (YC W12),ent_startup_rethinkdb_yc_w12,rethinkdb.com,11,6-11 employees,http://rethinkdb.com/,Summer 2009,B2B
Jobspice (YC S11),Jobspice (YC S11),ent_startup_jobspice_yc_s11,jobspice.com,11,6-11 employees,http://jobspice.com/,Summer 2009,Consumer
Mixpanel Group Inc.,Mixpanel Group Inc.,ent_startup_mixpanel_group,mixpanel.com,410,206-410 employees,http://mixpanel.com/,Summer 2009,B2B
Olark Inc.,Olark Inc.,ent_startup_olark,olark.com,28,15-28 employees,http://olark.com/,Summer 2009,B2B
Lockitron LLC,Lockitron LLC,ent_startup_lockitron,lockitron.com,11,6-11 employees,http://lockitron.com/,Summer 2009,Consumer
CarWoo Corporation,CarWoo Corporation,ent_startup_carwoo,carwoo.com,11,6-11 employees,http://carwoo.com/,Summer 2009,Consumer
Tuxebo Ltd.,Tuxebo Ltd.,ent_startup_tuxebo,,202,102-202 employees,,Summer 2009,Real Estate and Construction
Fanchatter Technologies,Fanchatter Technologies,ent_startup_fanchatter,fanchatter.com,11,6-11 employees,http://fanchatter.com/,Summer 2009,B2B
Plurchase Inc. (YC W12),Plurchase Inc. (YC W12),ent_startup_plurchase_yc_w12,plurchase.com,2,2-2 employees,http://plurchase.com/,Summer 2009,Consumer
GraffitiGeo (YC S11),GraffitiGeo (YC S11),ent_startup_graffitigeo_yc_s11,graffitigeo.com,2,2-2 employees,http://graffitigeo.com/,Summer 2009,Consumer
Flightcaster Group Inc.,Flightcaster Group Inc.,ent_startup_flightcaster_group,,2,2-2 employees,,Summer 2009,Consumer
NudgePad Inc.,NudgePad Inc.,ent_startup_nudgepad,azure.com,2,2-2 employees,http://azure.com/,Summer 2009,B2B
RentHop LLC,RentHop LLC,ent_startup_renthop,renthop.com,9,5-9 employees,http://renthop.com/,Summer 2009,Real Estate and Construction
Lingt Corporation,Lingt Corporation,ent_startup_lingt,lingt.com,2,2-2 employees,https://www.lingt.com/,Summer 2009,Education
RoboHR Ltd.,RoboHR Ltd.,ent_startup_robohr,robohr.com,258,130-258 employees,http://robohr.com/,Summer 2009,B2B
AdThrow Technologies,AdThrow Technologies,ent_startup_adthrow,adthrow.com,265,133-265 employees,http://adthrow.com/,Summer 2009,B2B
Stackq Inc. (YC W12),Stackq Inc. (YC W12),ent_startup_stackq_yc_w12,stackq.com,272,137-272 employees,http://stackq.com/,Summer 2009,B2B
Wakemate (YC S11),Wakemate (YC S11),ent_startup_wakemate_yc_s11,wakemate.com,2,2-2 employees,http://wakemate.com/,Summer 2009,Consumer
Instantq Group Inc.,Instantq Group Inc.,ent_startup_instantq_group,instantq.com,2,2-2 employees,http://instantq.com/,Summer 2009,B2B
Recurious Inc.,Recurious Inc.,ent_startup_recurious,thesixtyone.com,293,147-293 employees,http://thesixtyone.com/,Winter 2009,Consumer
Skysheet LLC,Skysheet LLC,ent_startup_skysheet,skysheet.com,2,2-2 employees,http://skysheet.com/,Winter 2009,B2B
Heyzap Corporation,Heyzap Corporation,ent_startup_heyzap,heyzap.com,11,6-11 employees,http://heyzap.com/,Winter 2009,Consumer
Wattvision Ltd.,Wattvision Ltd.,ent_startup_wattvision,wattvision.com,314,158-314 employees,http://www.wattvision.com/,Winter 2009,Real Estate and Construction
Foodoro Technologies,Foodoro Technologies,ent_startup_foodoro,foodoro.com,11,6-11 employees,http://foodoro.com/,Winter 2009,Consumer
Volantio Inc. (YC W12),Volantio Inc. (YC W12),ent_startup_volantio_yc_w12,volantio.com,19,10-19 employees,http://www.volantio.com/,Winter 2009,B2B
Airbnb (YC S11),Airbnb (YC S11),ent_startup_airbnb_yc_s11,airbnb.com,6132,3067-6132 employees,http://airbnb.com/,Winter 2009,Consumer
Divvyshot Group Inc.,Divvyshot Group Inc.,ent_startup_divvyshot_group,divvyshot.com,2,2-2 employees,http://divvyshot.com/,Winter 2009,Consumer
reMail Inc.,reMail Inc.,ent_startup_remail,remail.com,1,1-1 employees,http://remail.com/,Winter 2009,B2B
Echodio LLC,Echodio LLC,ent_startup_echodio,echodio.com,2,2-2 employees,http://echodio.com/,Winter 2009,Consumer
Cloudkick Corporation,Cloudkick Corporation,ent_startup_cloudkick,cloudkick.com,11,6-11 employees,http://cloudkick.com/,Winter 2009,B2B
Spaces Life Ltd.,Spaces Life Ltd.,ent_startup_spaces_life,spaceslife.com,370,186-370 employees,http://spaceslife.com/,Winter 2009,Real Estate and Construction
Picurio Technologies,Picurio Technologies,ent_startup_picurio,picurio.com,2,2-2 employees,http://picurio.com/,Winter 2009,Consumer
Nambii Inc. (YC W12),Nambii Inc. (YC W12),ent_startup_nambii_yc_w12,nambii.com,384,193-384 employees,http://nambii.com/,Winter 2009,Consumer
Voxli (YC S11),Voxli (YC S11),ent_startup_voxli_yc_s11,voxli.com,2,2-2 employees,http://voxli.com/,Winter 2009,Consumer
PetaSales Group Inc.,PetaSales Group Inc.,ent_startup_petasales_group,,2,2-2 employees,,Winter 2009,B2B
Posterous Inc.,Posterous Inc.,ent_startup_posterous,posterous.com,11,6-11 employees,http://posterous.com/,Summer 2008,Consumer
Poll Everywhere LLC,Poll Everywhere LLC,ent_startup_poll_everywhere,polleverywhere.com,70,36-70 employees,https://www.polleverywhere.com/,Summer 2008,B2B
OhLife Corporation,OhLife Corporation,ent_startup_ohlife,ohlife.com,2,2-2 employees,http://ohlife.com/,Summer 2008,Consumer
Cloudant Ltd.,Cloudant Ltd.,ent_startup_cloudant,cloudant.com,51,26-51 employees,http://cloudant.com/,Summer 2008,B2B
Job Alchemist Technologies,Job Alchemist Technologies,ent_startup_job_alchemist,jobalchemist.com,433,217-433 employees,http://jobalchemist.com/,Summer 2008,B2B
Frogmetrics Inc. (YC W12),Frogmetrics Inc. (YC W12),ent_startup_frogmetrics_yc_w12,frogmetrics.com,2,2-2 employees,http://frogmetrics.com/,Summer 2008,B2B
Anyvite (YC S11),Anyvite (YC S11),ent_startup_anyvite_yc_s11,anyvite.com,2,2-2 employees,http://anyvite.com/,Summer 2008,Consumer
CO2Stats Group Inc.,CO2Stats Group Inc.,ent_startup_co2stats_group,co2stats.com,454,228-454 employees,http://co2stats.com/,Summer 2008,B2B
JustSpotted Inc.,JustSpotted Inc.,ent_startup_justspotted,justspotted.com,2,2-2 employees,http://justspotted.com/,Summer 2008,Consumer
Picwing LLC,Picwing LLC,ent_startup_picwing,picwing.com,11,6-11 employees,http://picwing.com/,Summer 2008,Consumer
BackType Corporation,BackType Corporation,ent_startup_backtype,backtype.com,475,238-475 employees,http://backtype.com/,Summer 2008,B2B
Precognate Ltd.,Precognate Ltd.,ent_startup_precognate,precognate.com,482,242-482 employees,http://precognate.com/,Summer 2008,Consumer
Youlicit Technologies,Youlicit Technologies,ent_startup_youlicit,youlicit.com,2,2-2 employees,http://youlicit.com/,Summer 2008,Consumer
Team Apart Inc. (YC W12),Team Apart Inc. (YC W12),ent_startup_team_apart_yc_w12,teamapart.com,2,2-2 employees,http://teamapart.com/,Summer 2008,B2B
Claimspotting (YC S11),Claimspotting (YC S11),ent_startup_claimspotting_yc_s11,urbantakeover.at,3,2-3 employees,http://urbantakeover.at/,Summer 2008,Consumer
Ticket Stumbler Group Inc.,Ticket Stumbler Group Inc.,ent_startup_ticket_stumbler_group,ticketstumbler.com,2,2-2 employees,http://ticketstumbler.com/,Summer 2008,Consumer
Snipd Inc.,Snipd Inc.,ent_startup_snipd,snipd.com,2,2-2 employees,http://snipd.com/,Summer 2008,B2B
Popcuts LLC,Popcuts LLC,ent_startup_popcuts,popcuts.com,2,2-2 employees,http://popcuts.com/,Summer 2008,Consumer
People & Pages Corporation,People & Pages Corporation,ent_startup_people_pages,peopleandpages.com,31,16-31 employees,http://peopleandpages.com/,Summer 2008,Consumer
PlayReader Ltd.,PlayReader Ltd.,ent_startup_playreader,playreader.com,38,20-38 employees,http://playreader.com/,Summer 2008,Consumer
Treehouse Technologies,Treehouse Technologies,ent_startup_treehouse,gotreehouse.com,101,51-101 employees,http://gotreehouse.com/,Summer 2008,Consumer
Slinkset Inc. (YC W12),Slinkset Inc. (YC W12),ent_startup_slinkset_yc_w12,slinkset.com,2,2-2 employees,http://slinkset.com/,Summer 2008,Consumer
Trigger (YC S11),Trigger (YC S11),ent_startup_trigger_yc_s11,trigger.io,11,6-11 employees,http://trigger.io/,Winter 2008,B2B
RescueTime Group Inc.,RescueTime Group Inc.,ent_startup_rescuetime_group,rescuetime.com,15,8-15 employees,http://rescuetime.com/,Winter 2008,B2B
A Thinking Ape Inc.,A Thinking Ape Inc.,ent_startup_a_thinking_ape,athinkingape.com,75,38-75 employees,http://athinkingape.com/,Winter 2008,B2B
Ninite LLC,Ninite LLC,ent_startup_ninite,ninite.com,2,2-2 employees,http://ninite.com/,Winter 2008,B2B
Machine Zone Corporation,Machine Zone Corporation,ent_startup_machine_zone,mz.com,501,251-501 employees,https://www.mz.com/,Winter 2008,Consumer
MightyQuiz Ltd.,MightyQuiz Ltd.,ent_startup_mightyquiz,mightyquiz.com,2,2-2 employees,http://mightyquiz.com/,Winter 2008,Consumer
FathomDB Technologies,FathomDB Technologies,ent_startup_fathomdb,fathomdb.com,101,51-101 employees,http://fathomdb.com/,Winter 2008,B2B
Omnisio Inc. (YC W12),Omnisio Inc. (YC W12),ent_startup_omnisio_yc_w12,omnisio.com,108,55-108 employees,http://omnisio.com/,Winter 2008,Consumer
Heroku (YC S11),Heroku (YC S11),ent_startup_heroku_yc_s11,heroku.com,300,151-300 employees,http://heroku.com/,Winter 2008,B2B
280 North Group Inc.,280 North Group Inc.,ent_startup_280_north_group,280north.com,11,6-11 employees,http://280north.com/,Winter 2008,B2B
Wundrbar Inc.,Wundrbar Inc.,ent_startup_wundrbar,wundrbar.com,2,2-2 employees,http://wundrbar.com/,Winter 2008,B2B
Socialbrowse LLC,Socialbrowse LLC,ent_startup_socialbrowse,socialbrowse.com,2,2-2 employees,http://socialbrowse.com/,Winter 2008,Consumer
Mixwit Corporation,Mixwit Corporation,ent_startup_mixwit,cloud.tv,2,2-2 employees,http://cloud.tv/,Winter 2008,Consumer
Tipjoy Ltd.,Tipjoy Ltd.,ent_startup_tipjoy,tipjoy.com,2,2-2 employees,http://tipjoy.com/,Winter 2008,Fintech
Kirkland North Technologies,Kirkland North Technologies,ent_startup_kirkland_north,kirklandnorth.com,2,2-2 employees,http://kirklandnorth.com/,Winter 2008,Consumer
Deluux Inc. (YC W12),Deluux Inc. (YC W12),ent_startup_deluux_yc_w12,deluux.com,2,2-2 employees,http://deluux.com/,Winter 2008,Consumer
YumDots (YC S11),YumDots (YC S11),ent_startup_yumdots_yc_s11,yumdots.com,2,2-2 employees,http://yumdots.com/,Winter 2008,Consumer
Snaptalent Group Inc.,Snaptalent Group Inc.,ent_startup_snaptalent_group,snaptalent.com,2,2-2 employees,http://snaptalent.com/,Winter 2008,B2B
Insoshi Inc.,Insoshi Inc.,ent_startup_insoshi,insoshi.com,185,93-185 employees,http://insoshi.com/,Winter 2008,B2B
Joberator LLC,Joberator LLC,ent_startup_joberator,joberator.com,2,2-2 employees,http://joberator.com/,Winter 2008,B2B
BitSample Corporation,BitSample Corporation,ent_startup_bitsample,,199,100-199 employees,,Winter 2008,B2B
Songkick Ltd.,Songkick Ltd.,ent_startup_songkick,songkick.com,11,6-11 employees,http://songkick.com/,Summer 2007,Consumer
Dropbox Technologies,Dropbox Technologies,ent_startup_dropbox,dropbox.com,4000,2001-4000 employees,http://dropbox.com/,Summer 2007,B2B
Blue Frog Gaming Inc. (YC W12),Blue Frog Gaming Inc. (YC W12),ent_startup_blue_frog_gaming_yc_w12,bluefroggaming.com,11,6-11 employees,http://bluefroggaming.com/,Summer 2007,Consumer
Disqus (YC S11),Disqus (YC S11),ent_startup_disqus_yc_s11,disqus.com,11,6-11 employees,http://disqus.com/,Summer 2007,B2B
Bountii Group Inc.,Bountii Group Inc.,ent_startup_bountii_group,bountii.com,2,2-2 employees,http://bountii.com/,Summer 2007,Consumer
Hello Chair Inc.,Hello Chair Inc.,ent_startup_hello_chair,hellochair.com,241,121-241 employees,http://hellochair.com/,Summer 2007,Consumer
iJigg/Top440 LLC,iJigg/Top440 LLC,ent_startup_ijigg_top440,ijigg.com,2,2-2 employees,http://ijigg.com/,Summer 2007,Consumer
Splashup Corporation,Splashup Corporation,ent_startup_splashup,splashup.com,2,2-2 employees,http://splashup.com/,Summer 2007,Consumer
ContestMachine Ltd.,ContestMachine Ltd.,ent_startup_contestmachine,contestmachine.com,2,2-2 employees,http://contestmachine.com/,Summer 2007,B2B
ZumoDrive Technologies,ZumoDrive Technologies,ent_startup_zumodrive,zumodrive.com,15,8-15 employees,http://zumodrive.com/,Summer 2007,B2B
SocialPicks Inc. (YC W12),SocialPicks Inc. (YC W12),ent_startup_socialpicks_yc_w12,socialpicks.com,2,2-2 employees,http://socialpicks.com/,Summer 2007,Consumer
Clickpass (YC S11),Clickpass (YC S11),ent_startup_clickpass_yc_s11,clickpass.com,11,6-11 employees,http://clickpass.com/,Summer 2007,B2B
Appjet Group Inc.,Appjet Group Inc.,ent_startup_appjet_group,appjet.com,3,2-3 employees,http://appjet.com/,Summer 2007,B2B
Anywhere.FM Inc.,Anywhere.FM Inc.,ent_startup_anywhere_fm,anywhere.fm,11,6-11 employees,http://anywhere.fm/,Summer 2007,Consumer
Reble LLC,Reble LLC,ent_startup_reble,reble.fm,2,2-2 employees,http://reble.fm/,Summer 2007,Consumer
Meetyu Corporation,Meetyu Corporation,ent_startup_meetyu,meetyu.com,311,156-311 employees,http://meetyu.com/,Summer 2007,Consumer
Fuzzwich Ltd.,Fuzzwich Ltd.,ent_startup_fuzzwich,fuzzwich.com,2,2-2 employees,http://fuzzwich.com/,Summer 2007,Consumer
Eivod Technologies,Eivod Technologies,ent_startup_eivod,eivod.com,51,26-51 employees,http://eivod.com/,Summer 2007,B2B
Biographicon Inc. (YC W12),Biographicon Inc. (YC W12),ent_startup_biographicon_yc_w12,biographicon.com,2,2-2 employees,http://biographicon.com/,Summer 2007,Consumer
Virtualmin (YC S11),Virtualmin (YC S11),ent_startup_virtualmin_yc_s11,virtualmin.com,2,2-2 employees,http://virtualmin.com/,Winter 2007,B2B
Weebly Group Inc.,Weebly Group Inc.,ent_startup_weebly_group,weebly.com,201,101-201 employees,http://weebly.com/,Winter 2007,B2B
Tsumobi Inc.,Tsumobi Inc.,ent_startup_tsumobi,tsumobi.com,2,2-2 employees,http://tsumobi.com/,Winter 2007,Consumer
Octopart LLC,Octopart LLC,ent_startup_octopart,octopart.com,11,6-11 employees,http://octopart.com/,Winter 2007,Industrials
Buxfer Corporation,Buxfer Corporation,ent_startup_buxfer,buxfer.com,1,1-1 employees,https://www.buxfer.com/,Winter 2007,Fintech
Zenter Ltd.,Zenter Ltd.,ent_startup_zenter,googleblog.blogspot.com,2,2-2 employees,https://googleblog.blogspot.com/2007/06/more-sharing.html,Winter 2007,B2B
Auctomatic Technologies,Auctomatic Technologies,ent_startup_auctomatic,auctomatic.com,2,2-2 employees,http://auctomatic.com/,Winter 2007,Consumer
WriteWith Inc. (YC W12),WriteWith Inc. (YC W12),ent_startup_writewith_yc_w12,writewith.com,2,2-2 employees,http://writewith.com/,Winter 2007,Consumer
Whitenoise (YC S11),Whitenoise (YC S11),ent_startup_whitenoise_yc_s11,whitenoisenetworks.com,2,2-2 employees,http://whitenoisenetworks.com/,Winter 2007,Consumer
View3 Group Inc.,View3 Group Inc.,ent_startup_view3_group,view3.com,402,202-402 employees,http://view3.com/,Winter 2007,Industrials
Socialmoth Inc.,Socialmoth Inc.,ent_startup_socialmoth,socialmoth.com,2,2-2 employees,http://socialmoth.com/,Winter 2007,Consumer
Heysan LLC,Heysan LLC,ent_startup_heysan,heysan.com,416,209-416 employees,http://heysan.com/,Winter 2007,Consumer
Xobni Corporation,Xobni Corporation,ent_startup_xobni,xobni.com,11,6-11 employees,http://xobni.com/,Summer 2006,B2B
Scribd Ltd.,Scribd Ltd.,ent_startup_scribd,scribd.com,300,151-300 employees,http://scribd.com/,Summer 2006,Consumer
OMGPop Technologies,OMGPop Technologies,ent_startup_omgpop,omgpop.com,11,6-11 employees,https://omgpop.com/,Summer 2006,Consumer
Jamglue Inc. (YC W12),Jamglue Inc. (YC W12),ent_startup_jamglue_yc_w12,jamglue.com,2,2-2 employees,http://jamglue.com/,Summer 2006,Consumer
Thinkature (YC S11),Thinkature (YC S11),ent_startup_thinkature_yc_s11,thinkature.com,451,226-451 employees,http://thinkature.com/,Summer 2006,B2B
Talkito Group Inc.,Talkito Group Inc.,ent_startup_talkito_group,talkito.com,458,230-458 employees,http://talkito.com/,Summer 2006,Consumer
Shoutfit Inc.,Shoutfit Inc.,ent_startup_shoutfit,shoutfit.com,3,2-3 employees,http://shoutfit.com/,Summer 2006,Consumer
Pollground LLC,Pollground LLC,ent_startup_pollground,pollground.com,472,237-472 employees,http://pollground.com/,Summer 2006,Consumer
Zanbazaar Corporation,Zanbazaar Corporation,ent_startup_zanbazaar,zanbazaar.com,4,3-4 employees,http://zanbazaar.com/,Summer 2006,Consumer
Likebetter Ltd.,Likebetter Ltd.,ent_startup_likebetter,likebetter.com,2,2-2 employees,http://likebetter.com/,Summer 2006,Consumer
Jumpchat Technologies,Jumpchat Technologies,ent_startup_jumpchat,jumpchat.com,2,2-2 employees,http://jumpchat.com/,Summer 2006,Consumer
Inkling Inc. (YC W12),Inkling Inc. (YC W12),ent_startup_inkling_yc_w12,inklingmarkets.com,11,6-11 employees,http://inklingmarkets.com/,Winter 2006,B2B
Clustrix (YC S11),Clustrix (YC S11),ent_startup_clustrix_yc_s11,clustrix.com,51,26-51 employees,http://clustrix.com/,Winter 2006,B2B
Snipshot Group Inc.,Snipshot Group Inc.,ent_startup_snipshot_group,snipshot.com,14,8-14 employees,https://snipshot.com/,Winter 2006,Consumer
Project Wedding Inc.,Project Wedding Inc.,ent_startup_project_wedding,projectwedding.com,2,2-2 employees,http://projectwedding.com/,Winter 2006,Consumer
Wufoo LLC,Wufoo LLC,ent_startup_wufoo,wufoo.com,11,6-11 employees,http://wufoo.com/,Winter 2006,B2B
Flagr Corporation,Flagr Corporation,ent_startup_flagr,flagr.com,2,2-2 employees,http://flagr.com/,Winter 2006,Consumer
Audiobeta Ltd.,Audiobeta Ltd.,ent_startup_audiobeta,audiobeta.com,42,22-42 employees,http://audiobeta.com/,Winter 2006,B2B
Loopt Technologies,Loopt Technologies,ent_startup_loopt,loopt.com,11,6-11 employees,http://loopt.com/,Summer 2005,Consumer
TextPayMe Inc. (YC W12),TextPayMe Inc. (YC W12),ent_startup_textpayme_yc_w12,textpayme.com,11,6-11 employees,http://textpayme.com/,Summer 2005,Fintech
Clickfacts (YC S11),Clickfacts (YC S11),ent_startup_clickfacts_yc_s11,clickfacts.com,11,6-11 employees,http://clickfacts.com/,Summer 2005,B2B
Simmery Group Inc.,Simmery Group Inc.,ent_startup_simmery_group,simmery.com,70,36-70 employees,http://simmery.com/,Summer 2005,Consumer
Memamp Inc.,Memamp Inc.,ent_startup_memamp,memamp.com,77,39-77 employees,http://memamp.com/,Summer 2005,B2B
Kiko LLC,Kiko LLC,ent_startup_kiko,kiko.com,84,43-84 employees,http://kiko.com/,Summer 2005,B2B
Reddit Corporation,Reddit Corporation,ent_startup_reddit,reddit.com,2000,1001-2000 employees,http://reddit.com/,Summer 2005,Consumer
Infogami Ltd.,Infogami Ltd.,ent_startup_infogami,infogami.com,2,2-2 employees,http://infogami.com/,Summer 2005,B2B
Mixed Media Labs Technologies,Mixed Media Labs Technologies,ent_startup_mixed_media,,105,53-105 employees,,Winter 2010,Consumer
Twitch Inc. (YC W12),Twitch Inc. (YC W12),ent_startup_twitch_yc_w12,twitch.com,2000,1001-2000 employees,http://twitch.com/,Winter 2007,Consumer
Parakey (YC S11),Parakey (YC S11),ent_startup_parakey_yc_s11,parakey.com,2,2-2 employees,http://parakey.com/,Summer 2005,B2B
TomoGuides Group Inc.,TomoGuides Group Inc.,ent_startup_tomoguides_group,tomoguides.com,2,2-2 employees,http://tomoguides.com/,Summer 2012,Consumer
Pixate Inc.,Pixate Inc.,ent_startup_pixate,pixate.com,10,6-10 employees,http://pixate.com/,Summer 2012,B2B
Knowmia LLC,Knowmia LLC,ent_startup_knowmia,knowmia.com,11,6-11 employees,http://knowmia.com/,Summer 2012,Education
Boosted Corporation,Boosted Corporation,ent_startup_boosted,boostedboards.com,51,26-51 employees,http://boostedboards.com/,Summer 2012,Consumer
ZeroMailer Ltd.,ZeroMailer Ltd.,ent_startup_zeromailer,zeromailer.com,2,2-2 employees,http://zeromailer.com/,Summer 2012,B2B
Canopy Labs Technologies,Canopy Labs Technologies,ent_startup_canopy,canopylabs.com,11,6-11 employees,http://canopylabs.com/,Summer 2012,B2B
LeanMarket Inc. (YC W12),LeanMarket Inc. (YC W12),ent_startup_leanmarket_yc_w12,lean.com,2,2-2 employees,http://lean.com/,Summer 2012,B2B
Kamcord (YC S11),Kamcord (YC S11),ent_startup_kamcord_yc_s11,kamcord.com,11,6-11 employees,http://kamcord.com/,Summer 2012,Consumer
Statwing Group Inc.,Statwing Group Inc.,ent_startup_statwing_group,statwing.com,2,2-2 employees,http://statwing.com/,Summer 2012,B2B
Rainforest Inc.,Rainforest Inc.,ent_startup_rainforest,rainforestqa.com,40,21-40 employees,https://www.rainforestqa.com/,Summer 2012,B2B
Imgfave LLC,Imgfave LLC,ent_startup_imgfave,imgfave.com,2,2-2 employees,http://imgfave.com/,Summer 2012,Consumer
Fullstack Academy Corporation,Fullstack Academy Corporation,ent_startup_fullstack_academy,fullstackacademy.com,220,111-220 employees,http://fullstackacademy.com/,Summer 2012,Education
OmniVirt Ltd.,OmniVirt Ltd.,ent_startup_omnivirt,omnivirt.com,15,8-15 employees,https://www.omnivirt.com/,Summer 2012,B2B
Arc Technologies,Arc Technologies,ent_startup_arc,arccameras.com,2,2-2 employees,http://arccameras.com/,Summer 2012,Industrials
Streem Inc. (YC W12),Streem Inc. (YC W12),ent_startup_streem_yc_w12,streem.com,4,3-4 employees,https://streem.com/,Summer 2012,Consumer
Mth Sense (YC S11),Mth Sense (YC S11),ent_startup_mth_sense_yc_s11,mthsense.com,11,6-11 employees,http://www.mthsense.com/,Summer 2012,B2B
Human Dx Group Inc.,Human Dx Group Inc.,ent_startup_human_dx_group,humandx.org,11,6-11 employees,http://humandx.org/,Summer 2012,Healthcare
Testmunk Inc.,Testmunk Inc.,ent_startup_testmunk,testmunk.com,2,2-2 employees,http://testmunk.com/,Summer 2012,B2B
HealthSherpa LLC,HealthSherpa LLC,ent_startup_healthsherpa,healthsherpa.com,220,111-220 employees,https://healthsherpa.com/,Summer 2012,Healthcare
Framebase Corporation,Framebase Corporation,ent_startup_framebase,framebase.io,2,2-2 employees,http://framebase.io/,Summer 2012,Consumer
Mattermost Ltd.,Mattermost Ltd.,ent_startup_mattermost,mattermost.com,120,61-120 employees,http://mattermost.com/,Summer 2012,B2B
Airshared Technologies,Airshared Technologies,ent_startup_airshared,getcycle.com,273,137-273 employees,http://getcycle.com/,Summer 2012,Consumer
Zentail Inc. (YC W12),Zentail Inc. (YC W12),ent_startup_zentail_yc_w12,zentail.com,30,16-30 employees,https://zentail.com/,Summer 2012,B2B
Soylent (YC S11),Soylent (YC S11),ent_startup_soylent_yc_s11,soylent.com,51,26-51 employees,http://soylent.com/,Summer 2012,Consumer
DataNitro Group Inc.,DataNitro Group Inc.,ent_startup_datanitro_group,datanitro.com,11,6-11 employees,http://datanitro.com/,Summer 2012,B2B
Clever Inc.,Clever Inc.,ent_startup_clever,clever.com,210,106-210 employees,https://clever.com/,Summer 2012,Education
Vayable LLC,Vayable LLC,ent_startup_vayable,vayable.com,2,2-2 employees,http://vayable.com/,Summer 2012,Consumer
SmartAsset Corporation,SmartAsset Corporation,ent_startup_smartasset,smartasset.com,210,106-210 employees,http://smartasset.com/,Summer 2012,Fintech
FundersClub Ltd.,FundersClub Ltd.,ent_startup_fundersclub,fundersclub.com,5,3-5 employees,https://fundersclub.com/,Summer 2012,Fintech
Grid Technologies,Grid Technologies,ent_startup_grid,,329,165-329 employees,,Summer 2012,Consumer
Eligible Inc. (YC W12),Eligible Inc. (YC W12),ent_startup_eligible_yc_w12,eligible.com,336,169-336 employees,https://eligible.com/,Summer 2012,Healthcare
Crohnology (by Healthy Labs) (YC S11),Crohnology (by Healthy Labs) (YC S11),ent_startup_crohnology_by_healthy_yc_s11,crohnology.com,1,1-1 employees,http://crohnology.com/,Summer 2012,Healthcare
BrainTripping Group Inc.,BrainTripping Group Inc.,ent_startup_braintripping_group,braintripping.com,1,1-1 employees,https://braintripping.com/,Summer 2012,Consumer
Markupwand Inc.,Markupwand Inc.,ent_startup_markupwand,markupwand.com,3,2-3 employees,http://markupwand.com/,Summer 2012,B2B
Hiptype LLC,Hiptype LLC,ent_startup_hiptype,hiptype.com,2,2-2 employees,http://hiptype.com/,Summer 2012,B2B
Kippt Corporation,Kippt Corporation,ent_startup_kippt,kippt.com,2,2-2 employees,http://kippt.com/,Summer 2012,B2B
Easel Ltd.,Easel Ltd.,ent_startup_easel,easel.io,2,2-2 employees,http://easel.io/,Summer 2012,B2B
Hipset Technologies,Hipset Technologies,ent_startup_hipset,tracksby.com,385,193-385 employees,http://tracksby.com/,Summer 2012,Consumer
FileStack Inc. (YC W12),FileStack Inc. (YC W12),ent_startup_filestack_yc_w12,filestack.com,50,26-50 employees,https://www.filestack.com/,Summer 2012,B2B
Collections (YC S11),Collections (YC S11),ent_startup_collections_yc_s11,collections.me,2,2-2 employees,http://collections.me/,Summer 2012,Consumer
Dreamforge Group Inc.,Dreamforge Group Inc.,ent_startup_dreamforge_group,dreamforge.me,2,2-2 employees,http://dreamforge.me/,Summer 2012,B2B
Upwave Inc.,Upwave Inc.,ent_startup_upwave,upwave.com,50,26-50 employees,http://www.upwave.com/,Summer 2012,B2B
Lever LLC,Lever LLC,ent_startup_lever,lever.co,225,113-225 employees,https://www.lever.co/,Summer 2012,B2B
ReelSurfer Corporation,ReelSurfer Corporation,ent_startup_reelsurfer,reelsurfer.com,2,2-2 employees,http://reelsurfer.com/,Summer 2012,Consumer
Keychain Logistics Ltd.,Keychain Logistics Ltd.,ent_startup_keychain_logistics,keychainlogistics.com,2,2-2 employees,http://keychainlogistics.com/,Summer 2012,B2B
OctaveWealth Technologies,OctaveWealth Technologies,ent_startup_octavewealth,octavewealth.com,2,2-2 employees,https://octavewealth.com/,Summer 2012,B2B
BufferBox Inc. (YC W12),BufferBox Inc. (YC W12),ent_startup_bufferbox_yc_w12,bufferbox.com,2,2-2 employees,http://bufferbox.com/,Summer 2012,Consumer
Natero (YC S11),Natero (YC S11),ent_startup_natero_yc_s11,natero.com,11,6-11 employees,http://natero.com/,Summer 2012,B2B
Profig Group Inc.,Profig Group Inc.,ent_startup_profig_group,profig.com,2,2-2 employees,http://profig.com/,Summer 2012,B2B
Partnered Inc.,Partnered Inc.,ent_startup_partnered,,11,6-11 employees,,Summer 2012,B2B
NewsBlur LLC,NewsBlur LLC,ent_startup_newsblur,newsblur.com,1,1-1 employees,https://www.newsblur.com/,Summer 2012,Consumer
Coinbase Corporation,Coinbase Corporation,ent_startup_coinbase,coinbase.com,6112,3057-6112 employees,https://www.coinbase.com/,Summer 2012,Fintech
Submittable Ltd.,Submittable Ltd.,ent_startup_submittable,submittable.com,302,152-302 employees,https://www.submittable.com/,Summer 2012,B2B
Mattermark Technologies,Mattermark Technologies,ent_startup_mattermark,mattermark.com,11,6-11 employees,http://mattermark.com/,Summer 2012,B2B
Zapier Inc. (YC W12),Zapier Inc. (YC W12),ent_startup_zapier_yc_w12,zapier.com,700,351-700 employees,http://zapier.com/,Summer 2012,B2B
VoiceGem (YC S11),VoiceGem (YC S11),ent_startup_voicegem_yc_s11,voicegem.com,2,2-2 employees,http://voicegem.com/,Summer 2012,B2B
BackerKit Group Inc.,BackerKit Group Inc.,ent_startup_backerkit_group,backerkit.com,42,22-42 employees,https://backerkit.com/,Summer 2012,B2B
Benchling Inc.,Benchling Inc.,ent_startup_benchling,benchling.com,750,376-750 employees,http://benchling.com/,Summer 2012,B2B
Flightfox LLC,Flightfox LLC,ent_startup_flightfox,flightfox.com,25,13-25 employees,http://flightfox.com/,Summer 2012,B2B
Coco Controller Corporation,Coco Controller Corporation,ent_startup_coco_controller,milkshakelabs.com,39,20-39 employees,http://milkshakelabs.com/,Summer 2012,Consumer
Tastemaker Ltd.,Tastemaker Ltd.,ent_startup_tastemaker,tastemaker.com,11,6-11 employees,http://tastemaker.com/,Summer 2012,Consumer
GoScale Technologies,GoScale Technologies,ent_startup_goscale,goscale.com,2,2-2 employees,http://goscale.com/,Summer 2012,B2B
RegistryLove Inc. (YC W12),RegistryLove Inc. (YC W12),ent_startup_registrylove_yc_w12,registrylove.com,11,6-11 employees,http://registrylove.com/,Summer 2012,Consumer
Credictive (YC S11),Credictive (YC S11),ent_startup_credictive_yc_s11,credictive.com,67,34-67 employees,http://credictive.com/,Summer 2012,B2B
MicroEval Group Inc.,MicroEval Group Inc.,ent_startup_microeval_group,microeval.com,2,2-2 employees,http://microeval.com/,Summer 2012,B2B
Everyday.me Inc.,Everyday.me Inc.,ent_startup_everyday_me,everyday.me,11,6-11 employees,http://everyday.me/,Summer 2012,Consumer
Celery LLC,Celery LLC,ent_startup_celery,trycelery.com,11,6-11 employees,https://trycelery.com/,Summer 2012,B2B
Virool Corporation,Virool Corporation,ent_startup_virool,virool.com,51,26-51 employees,http://virool.com/,Summer 2012,B2B
Parallel Universe Ltd.,Parallel Universe Ltd.,ent_startup_parallel_universe,paralleluniverse.co,2,2-2 employees,http://paralleluniverse.co/,Summer 2012,B2B
Viacycle Technologies,Viacycle Technologies,ent_startup_viacycle,viacycle.com,2,2-2 employees,http://viacycle.com/,Summer 2012,Consumer
Assorted Bits Inc. (YC W12),Assorted Bits Inc. (YC W12),ent_startup_assorted_bits_yc_w12,youthere.com,116,59-116 employees,http://youthere.com/,Summer 2012,B2B
Scoutzie (YC S11),Scoutzie (YC S11),ent_startup_scoutzie_yc_s11,scoutzie.com,2,2-2 employees,http://scoutzie.com/,Summer 2012,B2B
Vastrm Group Inc.,Vastrm Group Inc.,ent_startup_vastrm_group,vastrm.com,2,2-2 employees,http://vastrm.com/,Summer 2012,Consumer
Double Robotics Inc.,Double Robotics Inc.,ent_startup_double_robotics,doublerobotics.com,11,6-11 employees,https://doublerobotics.com/,Summer 2012,B2B
Study Edge LLC,Study Edge LLC,ent_startup_study_edge,studyedge.com,50,26-50 employees,http://studyedge.com/,Summer 2012,Education
GetGoing Corporation,GetGoing Corporation,ent_startup_getgoing,getgoing.com,11,6-11 employees,http://getgoing.com/,Summer 2012,Consumer
Plivo Ltd.,Plivo Ltd.,ent_startup_plivo,plivo.com,320,161-320 employees,https://plivo.com/,Summer 2012,B2B
Thread Technologies,Thread Technologies,ent_startup_thread,thread.com,92,47-92 employees,http://thread.com/,Summer 2012,Consumer
Light Table/Eve Inc. (YC W12),Light Table/Eve Inc. (YC W12),ent_startup_light_table_eve_yc_w12,kodowa.com,5,3-5 employees,http://kodowa.com/,Summer 2012,B2B
Svbtle (YC S11),Svbtle (YC S11),ent_startup_svbtle_yc_s11,svbtle.com,2,2-2 employees,https://svbtle.com/,Summer 2012,Consumer
Instacart Group Inc.,Instacart Group Inc.,ent_startup_instacart_group,instacart.com,3000,1501-3000 employees,https://www.instacart.com/,Summer 2012,Consumer
9gag Inc.,9gag Inc.,ent_startup_9gag,9gag.com,36,19-36 employees,http://9gag.com/,Summer 2012,Consumer
StyleUp LLC,StyleUp LLC,ent_startup_styleup,thestyleup.com,10,6-10 employees,http://thestyleup.com/,Winter 2013,Consumer
CircuitLab Corporation,CircuitLab Corporation,ent_startup_circuitlab,circuitlab.com,2,2-2 employees,https://www.circuitlab.com/,Winter 2013,B2B
Screenhero Ltd.,Screenhero Ltd.,ent_startup_screenhero,screenhero.com,2,2-2 employees,http://screenhero.com/,Winter 2013,B2B
Scuba Technologies,Scuba Technologies,ent_startup_scuba,scuba.io,51,26-51 employees,https://www.scuba.io/,Winter 2013,B2B
Appcubator Inc. (YC W12),Appcubator Inc. (YC W12),ent_startup_appcubator_yc_w12,appcubator.com,228,115-228 employees,http://appcubator.com/,Winter 2013,B2B
North (YC S11),North (YC S11),ent_startup_north_yc_s11,bynorth.com,51,26-51 employees,https://www.bynorth.com/,Winter 2013,Consumer
Swish Group Inc.,Swish Group Inc.,ent_startup_swish_group,swish.com,2,2-2 employees,http://swish.com/,Winter 2013,B2B
PayTango Inc.,PayTango Inc.,ent_startup_paytango,paytango.com,2,2-2 employees,http://paytango.com/,Winter 2013,B2B
VaycayHero LLC,VaycayHero LLC,ent_startup_vaycayhero,vaycayhero.com,55,28-55 employees,https://www.vaycayhero.com/,Winter 2013,Consumer
BuildZoom Corporation,BuildZoom Corporation,ent_startup_buildzoom,buildzoom.com,100,51-100 employees,https://www.buildzoom.com/,Winter 2013,Consumer
Trainzen Ltd.,Trainzen Ltd.,ent_startup_trainzen,terascore.com,2,2-2 employees,http://terascore.com/,Winter 2013,B2B
Padlet Technologies,Padlet Technologies,ent_startup_padlet,padlet.com,65,33-65 employees,https://padlet.com/,Winter 2013,B2B
Fivetran Inc. (YC W12),Fivetran Inc. (YC W12),ent_startup_fivetran_yc_w12,fivetran.com,1200,601-1200 employees,http://fivetran.com/,Winter 2013,B2B
GrepData (YC S11),GrepData (YC S11),ent_startup_grepdata_yc_s11,grepdata.com,51,26-51 employees,http://grepdata.com/,Winter 2013,B2B
Lawdingo Group Inc.,Lawdingo Group Inc.,ent_startup_lawdingo_group,lawdingo.com,298,150-298 employees,http://lawdingo.com/,Winter 2013,Consumer
Bitnami Inc.,Bitnami Inc.,ent_startup_bitnami,bitnami.com,75,38-75 employees,https://bitnami.com/,Winter 2013,B2B
Cheetah LLC,Cheetah LLC,ent_startup_cheetah,gocheetah.com,2,2-2 employees,http://gocheetah.com/,Winter 2013,B2B
Medisas Corporation,Medisas Corporation,ent_startup_medisas,medisas.com,11,6-11 employees,http://medisas.com/,Winter 2013,Healthcare
Etleap Ltd.,Etleap Ltd.,ent_startup_etleap,etleap.com,11,6-11 employees,https://etleap.com/,Winter 2013,B2B
RoverRide Technologies,RoverRide Technologies,ent_startup_roverride,ride.roversf.com,333,167-333 employees,http://ride.roversf.com/,Winter 2013,Consumer
InfluxData Inc. (YC W12),InfluxData Inc. (YC W12),ent_startup_influxdata_yc_w12,influxdata.com,210,106-210 employees,https://influxdata.com/,Winter 2013,B2B
Strikingly (YC S11),Strikingly (YC S11),ent_startup_strikingly_yc_s11,strikingly.com,99,50-99 employees,https://www.strikingly.com/,Winter 2013,B2B
Lollipuff Group Inc.,Lollipuff Group Inc.,ent_startup_lollipuff_group,lollipuff.com,11,6-11 employees,http://lollipuff.com/,Winter 2013,Consumer
RADAR Inc.,RADAR Inc.,ent_startup_radar,goradar.com,120,61-120 employees,https://goradar.com/,Winter 2013,B2B
Meldium LLC,Meldium LLC,ent_startup_meldium,meldium.com,2,2-2 employees,http://meldium.com/,Winter 2013,B2B
BeatDeck Corporation,BeatDeck Corporation,ent_startup_beatdeck,beatdeck.com,2,2-2 employees,http://beatdeck.com/,Winter 2013,B2B
Swapbox Ltd.,Swapbox Ltd.,ent_startup_swapbox,swapbox.com,2,2-2 employees,http://swapbox.com/,Winter 2013,Consumer
Experiment Technologies,Experiment Technologies,ent_startup_experiment,experiment.com,1,1-1 employees,http://experiment.com/,Winter 2013,Healthcare
Heap Inc. (YC W12),Heap Inc. (YC W12),ent_startup_heap_yc_w12,heap.io,388,195-388 employees,https://heap.io/,Winter 2013,B2B
MedXT (YC S11),MedXT (YC S11),ent_startup_medxt_yc_s11,medxt.com,2,2-2 employees,http://medxt.com/,Winter 2013,Healthcare
SimplyInsured Group Inc.,SimplyInsured Group Inc.,ent_startup_simplyinsured_group,simplyinsured.com,35,18-35 employees,http://simplyinsured.com/,Winter 2013,Healthcare
FlightCar Inc.,FlightCar Inc.,ent_startup_flightcar,flightcar.com,51,26-51 employees,http://flightcar.com/,Winter 2013,Consumer
CrowdMed LLC,CrowdMed LLC,ent_startup_crowdmed,crowdmed.com,5,3-5 employees,http://www.crowdmed.com/,Winter 2013,Healthcare
Wefunder Corporation,Wefunder Corporation,ent_startup_wefunder,wefunder.com,35,18-35 employees,http://wefunder.com/,Winter 2013,Fintech
Coin Ltd.,Coin Ltd.,ent_startup_coin,onlycoin.com,11,6-11 employees,http://onlycoin.com/,Winter 2013,Fintech
Wevorce Technologies,Wevorce Technologies,ent_startup_wevorce,wevorce.com,11,6-11 employees,http://wevorce.com/,Winter 2013,Consumer
Kalibrr Inc. (YC W12),Kalibrr Inc. (YC W12),ent_startup_kalibrr_yc_w12,kalibrr.com,51,26-51 employees,https://www.kalibrr.com/,Winter 2013,B2B
Zenefits (YC S11),Zenefits (YC S11),ent_startup_zenefits_yc_s11,zenefits.com,500,251-500 employees,http://zenefits.com/,Winter 2013,B2B
Goldbelly Group Inc.,Goldbelly Group Inc.,ent_startup_goldbelly_group,goldbelly.com,125,63-125 employees,https://www.goldbelly.com/,Winter 2013,Consumer
Logiblock Inc.,Logiblock Inc.,ent_startup_logiblock,logiblock.com,473,237-473 employees,http://logiblock.com/,Winter 2013,B2B
Semantics3 LLC,Semantics3 LLC,ent_startup_semantics3,semantics3.com,25,13-25 employees,http://www.semantics3.com/,Winter 2013,B2B
Teespring Corporation,Teespring Corporation,ent_startup_teespring,teespring.com,201,101-201 employees,http://teespring.com/,Winter 2013,Consumer
Airware Ltd.,Airware Ltd.,ent_startup_airware,airware.com,51,26-51 employees,http://airware.com/,Winter 2013,Industrials
Posmetrics Technologies,Posmetrics Technologies,ent_startup_posmetrics,posmetrics.com,2,2-2 employees,http://posmetrics.com/,Winter 2013,B2B
Prophecy Sciences Inc. (YC W12),Prophecy Sciences Inc. (YC W12),ent_startup_prophecy_sciences_yc_w12,prophecysciences.com,2,2-2 employees,http://prophecysciences.com/,Winter 2013,B2B
Watsi (YC S11),Watsi (YC S11),ent_startup_watsi_yc_s11,watsi.org,11,6-11 employees,https://watsi.org/,Winter 2013,Healthcare
7cups Group Inc.,7cups Group Inc.,ent_startup_7cups_group,7cups.com,11,6-11 employees,http://7cups.com/,Summer 2013,Healthcare
URX Inc.,URX Inc.,ent_startup_urx,urx.com,11,6-11 employees,http://urx.com/,Summer 2013,B2B
Teleborder LLC,Teleborder LLC,ent_startup_teleborder,teleborder.com,11,6-11 employees,http://teleborder.com/,Summer 2013,B2B
FanHero Corporation,FanHero Corporation,ent_startup_fanhero,fanhero.com,1,1-1 employees,https://fanhero.com/,Summer 2013,Consumer
Apptimize Ltd.,Apptimize Ltd.,ent_startup_apptimize,apptimize.com,50,26-50 employees,http://apptimize.com/,Summer 2013,B2B
Asseta Technologies,Asseta Technologies,ent_startup_asseta,asseta.com,4,3-4 employees,http://www.asseta.com/,Summer 2013,B2B
Standard Treasury Inc. (YC W12),Standard Treasury Inc. (YC W12),ent_startup_standard_treasury_yc_w12,standardtreasury.com,64,33-64 employees,http://standardtreasury.com/,Summer 2013,Fintech
BloomThat (YC S11),BloomThat (YC S11),ent_startup_bloomthat_yc_s11,bloomthat.com,11,6-11 employees,http://bloomthat.com/,Summer 2013,Consumer
StackMachine Group Inc.,StackMachine Group Inc.,ent_startup_stackmachine_group,stackmachine.com,2,2-2 employees,http://stackmachine.com/,Summer 2013,B2B
Hackermeter Inc.,Hackermeter Inc.,ent_startup_hackermeter,hackermeter.com,11,6-11 employees,http://hackermeter.com/,Summer 2013,B2B
Buttercoin LLC,Buttercoin LLC,ent_startup_buttercoin,buttercoin.com,11,6-11 employees,http://buttercoin.com/,Summer 2013,Fintech
CoreOS Corporation,CoreOS Corporation,ent_startup_coreos,coreos.com,150,76-150 employees,http://coreos.com/,Summer 2013,B2B
Crowdery Ltd.,Crowdery Ltd.,ent_startup_crowdery,crowdery.com,2,2-2 employees,http://crowdery.com/,Summer 2013,B2B
GoComm Technologies,GoComm Technologies,ent_startup_gocomm,gocomm.com,2,2-2 employees,http://gocomm.com/,Summer 2013,B2B
DoorDash Inc. (YC W12),DoorDash Inc. (YC W12),ent_startup_doordash_yc_w12,doordash.com,8600,4301-8600 employees,http://doordash.com/,Summer 2013,Consumer
EasyPost (YC S11),EasyPost (YC S11),ent_startup_easypost_yc_s11,easypost.com,51,26-51 employees,http://easypost.com/,Summer 2013,B2B
SimpleLegal Group Inc.,SimpleLegal Group Inc.,ent_startup_simplelegal_group,simplelegal.com,60,31-60 employees,http://simplelegal.com/,Summer 2013,B2B
"Estimote, Inc.","Estimote, Inc.",ent_startup_estimote,estimote.com,40,21-40 employees,http://estimote.com/,Summer 2013,B2B
Floobits LLC,Floobits LLC,ent_startup_floobits,floobits.com,2,2-2 employees,http://floobits.com/,Summer 2013,B2B
Glio Corporation,Glio Corporation,ent_startup_glio,glio.com,2,2-2 employees,http://glio.com/,Summer 2013,Consumer
Graft Concepts Ltd.,Graft Concepts Ltd.,ent_startup_graft_concepts,graftconcepts.com,2,2-2 employees,http://graftconcepts.com/,Summer 2013,Consumer
Hum Technologies,Hum Technologies,ent_startup_hum,letshum.com,11,6-11 employees,http://letshum.com/,Summer 2013,B2B
Cratejoy Inc. (YC W12),Cratejoy Inc. (YC W12),ent_startup_cratejoy_yc_w12,cratejoy.com,51,26-51 employees,http://cratejoy.com/,Summer 2013,B2B
SpoonRocket (YC S11),SpoonRocket (YC S11),ent_startup_spoonrocket_yc_s11,spoonrocket.com,51,26-51 employees,http://spoonrocket.com/,Summer 2013,Consumer
Casetext Group Inc.,Casetext Group Inc.,ent_startup_casetext_group,casetext.com,50,26-50 employees,http://casetext.com/,Summer 2013,B2B
Layer By Layer Inc.,Layer By Layer Inc.,ent_startup_layer_by_layer,layerbylayer.com,2,2-2 employees,http://layerbylayer.com/,Summer 2013,Consumer
Le Tote LLC,Le Tote LLC,ent_startup_le_tote,letote.com,201,101-201 employees,http://letote.com/,Summer 2013,Consumer
LocalOn Corporation,LocalOn Corporation,ent_startup_localon,localon.com,2,2-2 employees,http://localon.com/,Summer 2013,B2B
Senic Ltd.,Senic Ltd.,ent_startup_senic,senic.com,16,9-16 employees,http://senic.com/,Summer 2013,Consumer
Meta Technologies,Meta Technologies,ent_startup_meta,metavision.com,11,6-11 employees,http://www.metavision.com/,Summer 2013,Consumer
One Month Inc. (YC W12),One Month Inc. (YC W12),ent_startup_one_month_yc_w12,onemonth.com,1,1-1 employees,http://onemonth.com/,Summer 2013,Education
Panorama Education (YC S11),Panorama Education (YC S11),ent_startup_panorama_education_yc_s11,panoramaed.com,350,176-350 employees,https://www.panoramaed.com/,Summer 2013,Education
Watchsend Group Inc.,Watchsend Group Inc.,ent_startup_watchsend_group,watchsend.com,2,2-2 employees,http://watchsend.com/,Summer 2013,B2B
Lob Inc.,Lob Inc.,ent_startup_lob,lob.com,150,76-150 employees,http://lob.com/,Summer 2013,B2B
Amulyte LLC,Amulyte LLC,ent_startup_amulyte,amulyte.com,2,2-2 employees,http://amulyte.com/,Summer 2013,Healthcare
RealCrowd Corporation,RealCrowd Corporation,ent_startup_realcrowd,realcrowd.com,9,5-9 employees,http://realcrowd.com/,Summer 2013,Real Estate and Construction
Reebee Ltd.,Reebee Ltd.,ent_startup_reebee,reebee.com,11,6-11 employees,http://reebee.com/,Summer 2013,Consumer
Arcus Technologies,Arcus Technologies,ent_startup_arcus,arcusfi.com,100,51-100 employees,http://arcusfi.com/,Summer 2013,Fintech
Audobox Inc. (YC W12),Audobox Inc. (YC W12),ent_startup_audobox_yc_w12,audobox.com,288,145-288 employees,http://audobox.com/,Summer 2013,B2B
Bop.fm (YC S11),Bop.fm (YC S11),ent_startup_bop_fm_yc_s11,bop.fm,2,2-2 employees,http://bop.fm/,Summer 2013,Consumer
Butter Systems Group Inc.,Butter Systems Group Inc.,ent_startup_butter_group,buttersystems.com,2,2-2 employees,http://buttersystems.com/,Summer 2013,B2B
StatusPage Inc.,StatusPage Inc.,ent_startup_statuspage,statuspage.io,309,155-309 employees,http://statuspage.io/,Summer 2013,B2B
Lumoid LLC,Lumoid LLC,ent_startup_lumoid,lumoid.com,11,6-11 employees,http://lumoid.com/,Summer 2013,Consumer
SoundFocus Corporation,SoundFocus Corporation,ent_startup_soundfocus,soundfocus.com,2,2-2 employees,http://soundfocus.com/,Summer 2013,Healthcare
True Link Ltd.,True Link Ltd.,ent_startup_true_link,truelinkfinancial.com,100,51-100 employees,https://www.truelinkfinancial.com/,Summer 2013,Fintech
Datarank Technologies,Datarank Technologies,ent_startup_datarank,datarank.com,11,6-11 employees,http://www.datarank.com/,Summer 2013,B2B
Kivo Inc. (YC W12),Kivo Inc. (YC W12),ent_startup_kivo_yc_w12,kivo.com,2,2-2 employees,http://kivo.com/,Summer 2013,B2B
Webflow (YC S11),Webflow (YC S11),ent_startup_webflow_yc_s11,webflow.com,600,301-600 employees,https://webflow.com/,Summer 2013,B2B
Weilos Group Inc.,Weilos Group Inc.,ent_startup_weilos_group,weilos.com,11,6-11 employees,http://weilos.com/,Summer 2013,Healthcare
WebCake Inc.,WebCake Inc.,ent_startup_webcake,designly.com,365,183-365 employees,http://designly.com/,Summer 2013,B2B
Ixiplay LLC,Ixiplay LLC,ent_startup_ixiplay,,2,2-2 employees,,Summer 2013,Consumer
Echo Locker Corporation,Echo Locker Corporation,ent_startup_echo_locker,echolocker.com,2,2-2 employees,http://echolocker.com/,Summer 2013,Consumer
42 Ltd.,42 Ltd.,ent_startup_42,42technologies.com,386,194-386 employees,https://42technologies.com/,Winter 2014,B2B
Abacus Technologies,Abacus Technologies,ent_startup_abacus,abacus.com,30,16-30 employees,http://abacus.com/,Winter 2014,B2B
Boostable Inc. (YC W12),Boostable Inc. (YC W12),ent_startup_boostable_yc_w12,boostable.com,11,6-11 employees,http://boostable.com/,Winter 2014,B2B
AirHelp (YC S11),AirHelp (YC S11),ent_startup_airhelp_yc_s11,airhelp.com,350,176-350 employees,http://www.airhelp.com/,Winter 2014,Consumer
Two Tap Group Inc.,Two Tap Group Inc.,ent_startup_two_tap_group,twotap.com,11,6-11 employees,http://twotap.com/,Winter 2014,B2B
Ambition Inc.,Ambition Inc.,ent_startup_ambition,ambition.com,55,28-55 employees,https://ambition.com/,Winter 2014,B2B
CareMessage LLC,CareMessage LLC,ent_startup_caremessage,caremessage.org,45,23-45 employees,http://caremessage.org/,Winter 2014,Healthcare
AptDeco Corporation,AptDeco Corporation,ent_startup_aptdeco,aptdeco.com,435,218-435 employees,https://www.aptdeco.com/,Winter 2014,Consumer
Awesometalk Ltd.,Awesometalk Ltd.,ent_startup_awesometalk,awesometalk.com,2,2-2 employees,http://awesometalk.com/,Winter 2014,Consumer
Bellabeat Technologies,Bellabeat Technologies,ent_startup_bellabeat,bellabeat.com,134,68-134 employees,http://bellabeat.com/,Winter 2014,Consumer
Chargehound Inc. (YC W12),Chargehound Inc. (YC W12),ent_startup_chargehound_yc_w12,chargehound.com,13,7-13 employees,https://www.chargehound.com/,Winter 2014,B2B
Cambly (YC S11),Cambly (YC S11),ent_startup_cambly_yc_s11,cambly.com,200,101-200 employees,http://www.cambly.com/,Winter 2014,Education
Futureleague Group Inc.,Futureleague Group Inc.,ent_startup_futureleague_group,futureleague.co,10,6-10 employees,http://www.futureleague.co/,Winter 2014,Consumer
Noora Health Inc.,Noora Health Inc.,ent_startup_noora_health,noorahealth.org,500,251-500 employees,http://noorahealth.org/,Winter 2014,Healthcare
CodeCombat LLC,CodeCombat LLC,ent_startup_codecombat,codecombat.com,45,23-45 employees,https://codecombat.com/,Winter 2014,Education
CodeNow Corporation,CodeNow Corporation,ent_startup_codenow,codenow.org,2,2-2 employees,http://codenow.org/,Winter 2014,Unspecified
Threadable Ltd.,Threadable Ltd.,ent_startup_threadable,threadable.com,2,2-2 employees,http://threadable.com/,Winter 2014,B2B
Cruise Technologies,Cruise Technologies,ent_startup_cruise,getcruise.com,3000,1501-3000 employees,http://getcruise.com/,Winter 2014,Industrials
Dating Ring Inc. (YC W12),Dating Ring Inc. (YC W12),ent_startup_dating_ring_yc_w12,datingring.com,2,2-2 employees,https://www.datingring.com/,Winter 2014,Consumer
Yumbin (YC S11),Yumbin (YC S11),ent_startup_yumbin_yc_s11,yumbin.com,19,10-19 employees,http://yumbin.com/,Winter 2014,B2B
Drive Pulse Group Inc.,Drive Pulse Group Inc.,ent_startup_drive_pulse_group,drivepulseapp.com,2,2-2 employees,http://drivepulseapp.com/,Winter 2014,Consumer
Eventjoy Inc.,Eventjoy Inc.,ent_startup_eventjoy,eventjoy.com,2,2-2 employees,http://eventjoy.com/,Winter 2014,B2B
Flexport LLC,Flexport LLC,ent_startup_flexport,flexport.com,3000,1501-3000 employees,https://www.flexport.com/careers/jobs/,Winter 2014,B2B
Axoni Corporation,Axoni Corporation,ent_startup_axoni,axoni.com,155,78-155 employees,https://axoni.com/,Winter 2014,Fintech
Kimono Labs Ltd.,Kimono Labs Ltd.,ent_startup_kimono,kimonolabs.com,11,6-11 employees,http://kimonolabs.com/,Winter 2014,B2B
Kuna Systems Technologies,Kuna Systems Technologies,ent_startup_kuna,getkuna.com,11,6-11 employees,http://getkuna.com/,Winter 2014,Consumer
DevCycle Inc. (YC W12),DevCycle Inc. (YC W12),ent_startup_devcycle_yc_w12,devcycle.com,55,28-55 employees,http://devcycle.com/,Winter 2014,B2B
MadeSolid (YC S11),MadeSolid (YC S11),ent_startup_madesolid_yc_s11,madesolid.com,2,2-2 employees,http://madesolid.com/,Winter 2014,Industrials
Emailio Group Inc.,Emailio Group Inc.,ent_startup_emailio_group,emailio.com,5,3-5 employees,http://emailio.com/,Winter 2014,B2B
MBX Inc.,MBX Inc.,ent_startup_mbx,us.memebox.com,150,76-150 employees,http://us.memebox.com/,Winter 2014,Consumer
Motionlead LLC,Motionlead LLC,ent_startup_motionlead,motionlead.com,11,6-11 employees,http://motionlead.com/,Winter 2014,B2B
Move Loot Corporation,Move Loot Corporation,ent_startup_move_loot,moveloot.com,51,26-51 employees,http://moveloot.com/,Winter 2014,Consumer
Next Caller Ltd.,Next Caller Ltd.,ent_startup_next_caller,nextcaller.com,20,11-20 employees,http://nextcaller.com/,Winter 2014,B2B
HoverChat Technologies,HoverChat Technologies,ent_startup_hoverchat,hoverchat.com,11,6-11 employees,http://hoverchat.com/,Winter 2014,Fintech
One Degree Inc. (YC W12),One Degree Inc. (YC W12),ent_startup_one_degree_yc_w12,1degree.org,14,8-14 employees,http://1degree.org/,Winter 2014,Unspecified
StackLead (YC S11),StackLead (YC S11),ent_startup_stacklead_yc_s11,stacklead.com,2,2-2 employees,http://stacklead.com/,Winter 2014,B2B
Theorem Group Inc.,Theorem Group Inc.,ent_startup_theorem_group,theoremlp.com,34,18-34 employees,http://theoremlp.com/,Winter 2014,Fintech
Liftigniter Inc.,Liftigniter Inc.,ent_startup_liftigniter,liftigniter.com,11,6-11 employees,http://liftigniter.com/,Winter 2014,B2B
PiinPoint LLC,PiinPoint LLC,ent_startup_piinpoint,piinpoint.com,20,11-20 employees,https://piinpoint.com/,Winter 2014,B2B
PipelineDB Corporation,PipelineDB Corporation,ent_startup_pipelinedb,pipelinedb.com,2,2-2 employees,http://www.pipelinedb.com/,Winter 2014,B2B
Povio Ltd.,Povio Ltd.,ent_startup_povio,povio.com,250,126-250 employees,http://povio.com/,Winter 2014,B2B
Pushbullet Technologies,Pushbullet Technologies,ent_startup_pushbullet,pushbullet.com,3,2-3 employees,https://www.pushbullet.com/,Winter 2014,Consumer
Rickshaw Inc. (YC W12),Rickshaw Inc. (YC W12),ent_startup_rickshaw_yc_w12,gorickshaw.com,11,6-11 employees,http://gorickshaw.com/,Winter 2014,B2B
Rocketrip (YC S11),Rocketrip (YC S11),ent_startup_rocketrip_yc_s11,rocketrip.com,68,35-68 employees,http://rocketrip.com/,Winter 2014,B2B
Shoobs Group Inc.,Shoobs Group Inc.,ent_startup_shoobs_group,shoobs.com,5,3-5 employees,http://shoobs.com/,Winter 2014,Consumer
SketchDeck Inc.,SketchDeck Inc.,ent_startup_sketchdeck,sketchdeck.com,20,11-20 employees,https://sketchdeck.com/,Winter 2014,B2B
MerryMint LLC,MerryMint LLC,ent_startup_merrymint,merrymint.co,1,1-1 employees,http://merrymint.co/,Winter 2014,B2B
Snapdocs Corporation,Snapdocs Corporation,ent_startup_snapdocs,snapdocs.com,285,143-285 employees,http://snapdocs.com/,Winter 2014,Real Estate and Construction
Shopagram Ltd.,Shopagram Ltd.,ent_startup_shopagram,shopagram.co,1,1-1 employees,http://shopagram.co/,Winter 2014,Consumer
Edyn Technologies,Edyn Technologies,ent_startup_edyn,edyn.com,2,2-2 employees,http://edyn.com/,Winter 2014,Industrials
Style Lend Inc. (YC W12),Style Lend Inc. (YC W12),ent_startup_style_lend_yc_w12,stylelend.com,2,2-2 employees,http://stylelend.com/,Winter 2014,Consumer
Guesty (YC S11),Guesty (YC S11),ent_startup_guesty_yc_s11,guesty.com,700,351-700 employees,http://www.guesty.com/,Winter 2014,Real Estate and Construction
Terravion Group Inc.,Terravion Group Inc.,ent_startup_terravion_group,terravion.com,11,6-11 employees,http://terravion.com/,Winter 2014,Industrials
TrueVault Inc.,TrueVault Inc.,ent_startup_truevault,truevault.com,257,129-257 employees,https://www.truevault.com/,Winter 2014,B2B
Unicornly LLC,Unicornly LLC,ent_startup_unicornly,unicorn.ly,2,2-2 employees,https://unicorn.ly/,Winter 2014,B2B
Weave Corporation,Weave Corporation,ent_startup_weave,getweave.com,600,301-600 employees,http://getweave.com/,Winter 2014,B2B
Wit.ai Ltd.,Wit.ai Ltd.,ent_startup_wit,wit.ai,11,6-11 employees,http://wit.ai/,Winter 2014,B2B
Zesty Technologies,Zesty Technologies,ent_startup_zesty,zesty.com,51,26-51 employees,http://zesty.com/,Winter 2014,B2B
Zidisha Inc. (YC W12),Zidisha Inc. (YC W12),ent_startup_zidisha_yc_w12,zidisha.org,1,1-1 employees,https://www.zidisha.org/,Winter 2014,Fintech
Zinc (YC S11),Zinc (YC S11),ent_startup_zinc_yc_s11,zinc.com,10,6-10 employees,http://zinc.com/,Winter 2014,B2B
ZowPow Group Inc.,ZowPow Group Inc.,ent_startup_zowpow_group,zowpow.com,2,2-2 employees,http://zowpow.com/,Winter 2014,Consumer
Algolia Inc.,Algolia Inc.,ent_startup_algolia,algolia.com,810,406-810 employees,http://www.algolia.com/,Winter 2014,B2B
Gobble LLC,Gobble LLC,ent_startup_gobble,gobble.com,73,37-73 employees,http://gobble.com/,Winter 2014,Consumer
AirPair Corporation,AirPair Corporation,ent_startup_airpair,airpair.com,2,2-2 employees,http://airpair.com/,Winter 2014,B2B
GBatteries Ltd.,GBatteries Ltd.,ent_startup_gbatteries,gbatteries.com,25,13-25 employees,https://www.gbatteries.com/,Winter 2014,Industrials
Unbabel Technologies,Unbabel Technologies,ent_startup_unbabel,unbabel.com,350,176-350 employees,http://unbabel.com/,Winter 2014,B2B
MixerBox Inc. (YC W12),MixerBox Inc. (YC W12),ent_startup_mixerbox_yc_w12,mixerbox.com,30,16-30 employees,http://mixerbox.com/,Winter 2014,Consumer
OpenCurriculum (YC S11),OpenCurriculum (YC S11),ent_startup_opencurriculum_yc_s11,opencurriculum.org,355,178-355 employees,https://opencurriculum.org/,Winter 2014,Unspecified
Dyspatch Group Inc.,Dyspatch Group Inc.,ent_startup_dyspatch_group,dyspatch.io,20,11-20 employees,https://www.dyspatch.io/,Winter 2014,B2B
Whirlscape Inc.,Whirlscape Inc.,ent_startup_whirlscape,getdango.com,3,2-3 employees,http://getdango.com/,Winter 2014,Consumer
Avametric LLC,Avametric LLC,ent_startup_avametric,avametric.com,11,6-11 employees,http://www.avametric.com/,Winter 2014,B2B
Framed Data Corporation,Framed Data Corporation,ent_startup_framed_data,framed.io,2,2-2 employees,http://www.framed.io/,Winter 2014,B2B
Immunity Project Ltd.,Immunity Project Ltd.,ent_startup_immunity_project,immunityproject.org,11,6-11 employees,http://immunityproject.org/,Winter 2014,Unspecified
Vidpresso Technologies,Vidpresso Technologies,ent_startup_vidpresso,facebook.com,7,4-7 employees,http://facebook.com/live/producer,Winter 2014,B2B
Aptible Inc. (YC W12),Aptible Inc. (YC W12),ent_startup_aptible_yc_w12,aptible.com,25,13-25 employees,https://www.aptible.com/,Summer 2014,B2B
Zip Phone (YC S11),Zip Phone (YC S11),ent_startup_zip_phone_yc_s11,zipphone.com,1,1-1 employees,http://zipphone.com/,Summer 2014,Consumer
Backpack Group Inc.,Backpack Group Inc.,ent_startup_backpack_group,backpackbang.com,2,2-2 employees,http://backpackbang.com/,Summer 2014,Consumer
Bannerman Inc.,Bannerman Inc.,ent_startup_bannerman,bannerman.com,3,2-3 employees,https://www.bannerman.com/,Summer 2014,B2B
Parenthoods LLC,Parenthoods LLC,ent_startup_parenthoods,parenthoods.co,2,2-2 employees,http://parenthoods.co/,Summer 2014,Consumer
SpringWit Corporation,SpringWit Corporation,ent_startup_springwit,springwit.com,439,220-439 employees,http://springwit.com/,Summer 2014,Healthcare
Bikanta Ltd.,Bikanta Ltd.,ent_startup_bikanta,bikanta.com,2,2-2 employees,http://bikanta.com/,Summer 2014,Healthcare
Billforward Technologies,Billforward Technologies,ent_startup_billforward,billforward.io,8,5-8 employees,https://www.billforward.io/,Summer 2014,Fintech
Bitaccess Inc. (YC W12),Bitaccess Inc. (YC W12),ent_startup_bitaccess_yc_w12,bitaccess.com,55,28-55 employees,http://bitaccess.com/,Summer 2014,Fintech
Carlypso (YC S11),Carlypso (YC S11),ent_startup_carlypso_yc_s11,carlypso.com,11,6-11 employees,http://carlypso.com/,Summer 2014,Consumer
Checkr Group Inc.,Checkr Group Inc.,ent_startup_checkr_group,checkr.com,800,401-800 employees,http://www.checkr.com/,Summer 2014,B2B
Clara Labs Inc.,Clara Labs Inc.,ent_startup_clara,claralabs.com,20,11-20 employees,http://claralabs.com/,Summer 2014,B2B
Clear LLC,Clear LLC,ent_startup_clear,clear.in,900,451-900 employees,https://clear.in/,Summer 2014,Fintech
Craft Coffee Corporation,Craft Coffee Corporation,ent_startup_craft_coffee,craftcoffee.com,495,248-495 employees,https://www.craftcoffee.com/,Summer 2014,Consumer
PersistIQ Ltd.,PersistIQ Ltd.,ent_startup_persistiq,persistiq.com,10,6-10 employees,http://www.persistiq.com/,Summer 2014,B2B
Doblet Technologies,Doblet Technologies,ent_startup_doblet,doblet.com,2,2-2 employees,http://doblet.com/,Summer 2014,B2B
Owners Circle Inc. (YC W12),Owners Circle Inc. (YC W12),ent_startup_owners_circle_yc_w12,ownerscircle.com,2,2-2 employees,https://www.ownerscircle.com/,Summer 2014,Fintech
Fixed (YC S11),Fixed (YC S11),ent_startup_fixed_yc_s11,getfixed.me,2,2-2 employees,http://getfixed.me/,Summer 2014,Consumer
Flaviar Group Inc.,Flaviar Group Inc.,ent_startup_flaviar_group,flaviar.com,60,31-60 employees,https://flaviar.com/,Summer 2014,Consumer
Flytenow Inc.,Flytenow Inc.,ent_startup_flytenow,flytenow.com,3,2-3 employees,http://flytenow.com/,Summer 2014,Consumer
Hyperpad LLC,Hyperpad LLC,ent_startup_hyperpad,hyperpad.com,4,3-4 employees,http://www.hyperpad.com/,Summer 2014,Consumer
TAXA Biotechnologies Corporation,TAXA Biotechnologies Corporation,ent_startup_taxa_biotechnologies,taxa.com,2,2-2 employees,http://www.taxa.com/,Summer 2014,Healthcare
GovPredict Ltd.,GovPredict Ltd.,ent_startup_govpredict,govpredict.com,60,31-60 employees,http://govpredict.com/,Summer 2014,Government
Blockspring Technologies,Blockspring Technologies,ent_startup_blockspring,blockspring.com,3,2-3 employees,http://blockspring.com/,Summer 2014,B2B
Greentoe Inc. (YC W12),Greentoe Inc. (YC W12),ent_startup_greentoe_yc_w12,greentoe.com,5,3-5 employees,http://greentoe.com/,Summer 2014,Consumer
Hublo (YC S11),Hublo (YC S11),ent_startup_hublo_yc_s11,hublo.com,2,2-2 employees,http://hublo.com/,Summer 2014,B2B
VizeraLabs Group Inc.,VizeraLabs Group Inc.,ent_startup_vizeralabs_group,vizeralabs.com,2,2-2 employees,http://vizeralabs.com/,Summer 2014,B2B
Impraise Inc.,Impraise Inc.,ent_startup_impraise,impraise.com,35,18-35 employees,http://impraise.com/,Summer 2014,B2B
Protocol Labs LLC,Protocol Labs LLC,ent_startup_protocol,protocol.ai,130,66-130 employees,https://protocol.ai/,Summer 2014,B2B
Kash Corporation,Kash Corporation,ent_startup_kash,withkash.com,11,6-11 employees,http://withkash.com/,Summer 2014,Fintech
Lawn Love Ltd.,Lawn Love Ltd.,ent_startup_lawn_love,lawnlove.com,150,76-150 employees,https://lawnlove.com/,Summer 2014,Consumer
ListRunner Technologies,ListRunner Technologies,ent_startup_listrunner,listrunnerapp.com,2,2-2 employees,http://listrunnerapp.com/,Summer 2014,Healthcare
Replenish Inc. (YC W12),Replenish Inc. (YC W12),ent_startup_replenish_yc_w12,getreplenish.com,11,6-11 employees,http://www.getreplenish.com/,Summer 2014,B2B
MetricWire (YC S11),MetricWire (YC S11),ent_startup_metricwire_yc_s11,metricwire.com,3,2-3 employees,http://metricwire.com/,Summer 2014,Healthcare
MTailor Group Inc.,MTailor Group Inc.,ent_startup_mtailor_group,mtailor.com,11,6-11 employees,http://mtailor.com/,Summer 2014,Consumer
Naytev Inc.,Naytev Inc.,ent_startup_naytev,naytev.com,3,2-3 employees,http://naytev.com/,Summer 2014,B2B
Neptune.io LLC,Neptune.io LLC,ent_startup_neptune_io,neptune.io,11,6-11 employees,http://neptune.io/,Summer 2014,B2B
Alchemy Corporation,Alchemy Corporation,ent_startup_alchemy,alchemynano.com,25,13-25 employees,http://www.alchemynano.com/,Summer 2014,Industrials
Nightingale Ltd.,Nightingale Ltd.,ent_startup_nightingale,nightingaleapp.com,2,2-2 employees,http://nightingaleapp.com/,Summer 2014,Healthcare
Permutive Technologies,Permutive Technologies,ent_startup_permutive,permutive.com,205,103-205 employees,https://permutive.com/,Summer 2014,B2B
PicnicAI Inc. (YC W12),PicnicAI Inc. (YC W12),ent_startup_picnicai_yc_w12,picnic.ai,100,51-100 employees,https://picnic.ai/,Summer 2014,Healthcare
In Your Corner (YC S11),In Your Corner (YC S11),ent_startup_in_your_corner_yc_s11,inyourcorneronline.com,2,2-2 employees,http://inyourcorneronline.com/,Summer 2014,Healthcare
Product Hunt Group Inc.,Product Hunt Group Inc.,ent_startup_product_hunt_group,producthunt.com,18,10-18 employees,http://producthunt.com/,Summer 2014,Consumer
Cheddar Inc.,Cheddar Inc.,ent_startup_cheddar,cheddar.io,2,2-2 employees,http://cheddar.io/,Summer 2014,Fintech
Rigetti Computing LLC,Rigetti Computing LLC,ent_startup_rigetti_computing,rigetti.com,51,26-51 employees,http://rigetti.com/,Summer 2014,Industrials
Roost Corporation,Roost Corporation,ent_startup_roost,goroost.com,2,2-2 employees,http://goroost.com/,Summer 2014,B2B
SFOX Ltd.,SFOX Ltd.,ent_startup_sfox,sfox.com,60,31-60 employees,http://sfox.com/,Summer 2014,Fintech
UserGems Technologies,UserGems Technologies,ent_startup_usergems,usergems.com,100,51-100 employees,https://www.usergems.com/,Summer 2014,B2B
Apto Payments Inc. (YC W12),Apto Payments Inc. (YC W12),ent_startup_apto_payments_yc_w12,aptopayments.com,32,17-32 employees,https://www.aptopayments.com/,Summer 2014,Fintech
ShipBob (YC S11),ShipBob (YC S11),ent_startup_shipbob_yc_s11,shipbob.com,1,1-1 employees,http://shipbob.com/,Summer 2014,B2B
Shout Group Inc.,Shout Group Inc.,ent_startup_shout_group,useshout.com,2,2-2 employees,http://useshout.com/,Summer 2014,Consumer
SalesSift Inc.,SalesSift Inc.,ent_startup_salessift,salessift.com,2,2-2 employees,https://salessift.com/,Summer 2014,B2B
SpotAngels LLC,SpotAngels LLC,ent_startup_spotangels,spotangels.com,11,6-11 employees,http://www.spotangels.com/,Summer 2014,Consumer
HauteDay Corporation,HauteDay Corporation,ent_startup_hauteday,hauteday.com,2,2-2 employees,http://hauteday.com/,Summer 2014,Consumer
Tenjin Ltd.,Tenjin Ltd.,ent_startup_tenjin,tenjin.com,30,16-30 employees,https://www.tenjin.com/,Summer 2014,B2B
Paid Technologies,Paid Technologies,ent_startup_paid,paidlabs.com,2,2-2 employees,http://paidlabs.com/,Summer 2014,B2B
Think Gaming Inc. (YC W12),Think Gaming Inc. (YC W12),ent_startup_think_gaming_yc_w12,thinkgaming.com,1,1-1 employees,http://thinkgaming.com/,Summer 2014,B2B
Hive (YC S11),Hive (YC S11),ent_startup_hive_yc_s11,hive.co,65,33-65 employees,http://www.hive.co/,Summer 2014,B2B
Payable Group Inc.,Payable Group Inc.,ent_startup_payable_group,payable.com,2,2-2 employees,http://payable.com/,Summer 2014,B2B
Tinker Inc.,Tinker Inc.,ent_startup_tinker,tinkercorp.com,317,159-317 employees,http://www.tinkercorp.com/,Summer 2014,Fintech
Tule LLC,Tule LLC,ent_startup_tule,tuletechnologies.com,8,5-8 employees,http://tuletechnologies.com/,Summer 2014,Industrials
Roomstorm Corporation,Roomstorm Corporation,ent_startup_roomstorm,roomstorm.com,4,3-4 employees,http://roomstorm.com/,Summer 2014,Consumer
Weave Ltd.,Weave Ltd.,ent_startup_weave,weave.in,11,6-11 employees,http://weave.in/,Summer 2014,Consumer
Whirl Technologies,Whirl Technologies,ent_startup_whirl,getwhirl.com,2,2-2 employees,http://getwhirl.com/,Summer 2014,B2B
Women.com Inc. (YC W12),Women.com Inc. (YC W12),ent_startup_women_com_yc_w12,women.com,11,6-11 employees,http://women.com/,Summer 2014,Consumer
Zoomer (YC S11),Zoomer (YC S11),ent_startup_zoomer_yc_s11,zoomerdelivery.com,51,26-51 employees,http://www.zoomerdelivery.com/,Summer 2014,Consumer
Beep Group Inc.,Beep Group Inc.,ent_startup_beep_group,beepnetworks.com,2,2-2 employees,http://www.beepnetworks.com/,Summer 2014,Industrials
Front Inc.,Front Inc.,ent_startup_front,front.com,385,193-385 employees,https://front.com/,Summer 2014,B2B
Cognition,Cognito LLC,ent_startup_cognition,cognitohq.com,12,7-12 employees,https://cognitohq.com/,Summer 2014,B2B
Ginkgo Bioworks Corporation,Ginkgo Bioworks Corporation,ent_startup_ginkgo_bioworks,ginkgobioworks.com,641,321-641 employees,http://ginkgobioworks.com/,Summer 2014,Healthcare
Helion Energy Ltd.,Helion Energy Ltd.,ent_startup_helion_energy,helionenergy.com,150,76-150 employees,http://helionenergy.com/,Summer 2014,Industrials
Oklo Technologies,Oklo Technologies,ent_startup_oklo,oklo.com,50,26-50 employees,http://oklo.com/,Summer 2014,Industrials
Bayes Impact Inc. (YC W12),Bayes Impact Inc. (YC W12),ent_startup_bayes_impact_yc_w12,bayesimpact.org,11,6-11 employees,http://bayesimpact.org/,Summer 2014,Unspecified
Zenamins (YC S11),Zenamins (YC S11),ent_startup_zenamins_yc_s11,zenamins.com,2,2-2 employees,http://zenamins.com/,Summer 2014,Consumer
One Codex Group Inc.,One Codex Group Inc.,ent_startup_one_codex_group,onecodex.com,16,9-16 employees,https://www.onecodex.com/,Summer 2014,Healthcare
Ravti Inc.,Ravti Inc.,ent_startup_ravti,ravti.com,17,9-17 employees,http://ravti.com/,Summer 2014,Real Estate and Construction
Sliced Investing LLC,Sliced Investing LLC,ent_startup_sliced_investing,,11,6-11 employees,,Summer 2014,Fintech
Unwind Me Corporation,Unwind Me Corporation,ent_startup_unwind_me,unwind.me,2,2-2 employees,http://unwind.me/,Summer 2014,Consumer
Notable Labs Ltd.,Notable Labs Ltd.,ent_startup_notable,notablelabs.com,40,21-40 employees,http://notablelabs.com/,Winter 2015,Healthcare
Qventus Technologies,Qventus Technologies,ent_startup_qventus,qventus.com,230,116-230 employees,http://qventus.com/,Winter 2015,Healthcare
3dot Inc. (YC W12),3dot Inc. (YC W12),ent_startup_3dot_yc_w12,3dot.com,2,2-2 employees,http://3dot.com/,Winter 2015,Consumer
Final (YC S11),Final (YC S11),ent_startup_final_yc_s11,getfinal.com,11,6-11 employees,http://getfinal.com/,Winter 2015,Fintech
Pomello Group Inc.,Pomello Group Inc.,ent_startup_pomello_group,pomello.com,8,5-8 employees,http://pomello.com/,Winter 2015,B2B
Tech in Asia Inc.,Tech in Asia Inc.,ent_startup_tech_in_asia,techinasia.com,70,36-70 employees,http://techinasia.com/,Winter 2015,Consumer
20n LLC,20n LLC,ent_startup_20n,20n.com,2,2-2 employees,http://20n.com/,Winter 2015,Healthcare
Akido Labs Corporation,Akido Labs Corporation,ent_startup_akido,akidolabs.com,1000,501-1000 employees,http://akidolabs.com/,Winter 2015,Healthcare
Mezmo Ltd.,Mezmo Ltd.,ent_startup_mezmo,mezmo.com,172,87-172 employees,https://www.mezmo.com/,Winter 2015,B2B
Smyte Technologies,Smyte Technologies,ent_startup_smyte,smyte.com,11,6-11 employees,http://smyte.com/,Winter 2015,B2B
Magic Inc. (YC W12),Magic Inc. (YC W12),ent_startup_magic_yc_w12,getmagic.com,350,176-350 employees,https://getmagic.com/,Winter 2015,B2B
Bizzy (YC S11),Bizzy (YC S11),ent_startup_bizzy_yc_s11,bizzy.io,2,2-2 employees,http://bizzy.io/,Winter 2015,B2B
Bluesmart Group Inc.,Bluesmart Group Inc.,ent_startup_bluesmart_group,bluesmart.com,51,26-51 employees,http://bluesmart.com/,Winter 2015,Consumer
Booktrope Inc.,Booktrope Inc.,ent_startup_booktrope,booktrope.com,51,26-51 employees,http://booktrope.com/,Winter 2015,B2B
Bright LLC,Bright LLC,ent_startup_bright,thinkbright.mx,100,51-100 employees,https://www.thinkbright.mx/,Winter 2015,Industrials
Numerion Labs Corporation,Numerion Labs Corporation,ent_startup_numerion,numerionlabs.ai,67,34-67 employees,https://www.numerionlabs.ai/,Winter 2015,Healthcare
Cribspot Ltd.,Cribspot Ltd.,ent_startup_cribspot,cribspot.com,2,2-2 employees,http://cribspot.com/,Winter 2015,Real Estate and Construction
CyberFend Technologies,CyberFend Technologies,ent_startup_cyberfend,cyberfend.com,2,2-2 employees,http://cyberfend.com/,Winter 2015,B2B
Democracy Earth Inc. (YC W12),Democracy Earth Inc. (YC W12),ent_startup_democracy_earth_yc_w12,democracy.earth,2,2-2 employees,http://democracy.earth/,Winter 2015,Unspecified
The Human Utility (YC S11),The Human Utility (YC S11),ent_startup_the_human_utility_yc_s11,detroitwaterproject.org,2,2-2 employees,https://www.detroitwaterproject.org/,Winter 2015,Unspecified
Zeitview Group Inc.,Zeitview Group Inc.,ent_startup_zeitview_group,zeitview.com,200,101-200 employees,https://www.zeitview.com/,Winter 2015,Industrials
Bankjoy Inc.,Bankjoy Inc.,ent_startup_bankjoy,bankjoy.com,60,31-60 employees,http://bankjoy.com/,Winter 2015,Fintech
GiveMeTap LLC,GiveMeTap LLC,ent_startup_givemetap,givemetap.com,1,1-1 employees,http://givemetap.com/,Winter 2015,Consumer
SparkGift Corporation,SparkGift Corporation,ent_startup_sparkgift,sparkgift.com,2,2-2 employees,http://sparkgift.com/,Winter 2015,Fintech
GroupAhead Ltd.,GroupAhead Ltd.,ent_startup_groupahead,,2,2-2 employees,,Winter 2015,Consumer
GrubMarket Technologies,GrubMarket Technologies,ent_startup_grubmarket,grubmarket.com,4548,2275-4548 employees,http://grubmarket.com/,Winter 2015,B2B
WorkLife Inc. (YC W12),WorkLife Inc. (YC W12),ent_startup_worklife_yc_w12,worklife.com,2,2-2 employees,http://worklife.com/,Winter 2015,B2B
HigherMe (YC S11),HigherMe (YC S11),ent_startup_higherme_yc_s11,higherme.com,45,23-45 employees,http://higherme.com/,Winter 2015,B2B
Instavest Group Inc.,Instavest Group Inc.,ent_startup_instavest_group,goinstavest.com,2,2-2 employees,http://goinstavest.com/,Winter 2015,Fintech
Kickpay Inc.,Kickpay Inc.,ent_startup_kickpay,kickpay.com,2,2-2 employees,https://kickpay.com/,Winter 2015,B2B
Labdoor LLC,Labdoor LLC,ent_startup_labdoor,labdoor.com,11,6-11 employees,https://labdoor.com/,Winter 2015,Consumer
Platzi Corporation,Platzi Corporation,ent_startup_platzi,platzi.com,123,62-123 employees,https://platzi.com/,Winter 2015,B2B
Omniref Ltd.,Omniref Ltd.,ent_startup_omniref,omniref.com,2,2-2 employees,http://omniref.com/,Winter 2015,B2B
Open Listings Technologies,Open Listings Technologies,ent_startup_open_listings,openlistings.com,48,25-48 employees,https://www.openlistings.com/,Winter 2015,Real Estate and Construction
Pachyderm Inc. (YC W12),Pachyderm Inc. (YC W12),ent_startup_pachyderm_yc_w12,pachyderm.com,60,31-60 employees,http://pachyderm.com/,Winter 2015,B2B
Pakible (YC S11),Pakible (YC S11),ent_startup_pakible_yc_s11,pakible.com,3,2-3 employees,https://pakible.com/,Winter 2015,B2B
Paperspace Group Inc.,Paperspace Group Inc.,ent_startup_paperspace_group,paperspace.com,50,26-50 employees,https://www.paperspace.com/,Winter 2015,B2B
BuildScience Inc.,BuildScience Inc.,ent_startup_buildscience,buildscience.com,1,1-1 employees,http://www.buildscience.com/,Winter 2015,Real Estate and Construction
ReadMe LLC,ReadMe LLC,ent_startup_readme,readme.com,52,27-52 employees,http://readme.com/,Winter 2015,B2B
ReSchedule Med Corporation,ReSchedule Med Corporation,ent_startup_reschedule_med,reschedulemed.com,223,112-223 employees,http://reschedulemed.com/,Winter 2015,Healthcare
Shift Messenger Ltd.,Shift Messenger Ltd.,ent_startup_shift_messenger,shiftmessenger.com,2,2-2 employees,http://shiftmessenger.com/,Winter 2015,B2B
Shift Labs Technologies,Shift Labs Technologies,ent_startup_shift,shiftlabs.com,6,4-6 employees,http://shiftlabs.com/,Winter 2015,Healthcare
Sails Co. Inc. (YC W12),Sails Co. Inc. (YC W12),ent_startup_sails_yc_w12,sailsjs.com,4,3-4 employees,https://sailsjs.com/about,Winter 2015,B2B
SIRUM (YC S11),SIRUM (YC S11),ent_startup_sirum_yc_s11,sirum.org,15,8-15 employees,http://sirum.org/,Winter 2015,Unspecified
Smarking Group Inc.,Smarking Group Inc.,ent_startup_smarking_group,smarking.com,17,9-17 employees,http://smarking.com/,Winter 2015,B2B
Tempo Inc.,Tempo Inc.,ent_startup_tempo,tempo.fit,158,80-158 employees,https://tempo.fit/,Winter 2015,Healthcare
TeamNote LLC,TeamNote LLC,ent_startup_teamnote,teamnoteapp.com,11,6-11 employees,http://teamnoteapp.com/,Winter 2015,B2B
Makrwatch Corporation,Makrwatch Corporation,ent_startup_makrwatch,makrwatch.com,19,10-19 employees,https://www.makrwatch.com/,Winter 2015,B2B
Mobydish Ltd.,Mobydish Ltd.,ent_startup_mobydish,mobydish.com,10,6-10 employees,https://www.mobydish.com/,Winter 2015,B2B
Remix Technologies,Remix Technologies,ent_startup_remix,remix.com,65,33-65 employees,https://www.remix.com/,Winter 2015,Government
Rare Door Inc. (YC W12),Rare Door Inc. (YC W12),ent_startup_rare_door_yc_w12,raredoor.com,2,2-2 employees,http://raredoor.com/,Winter 2015,Consumer
Underground Cellar (YC S11),Underground Cellar (YC S11),ent_startup_underground_cellar_yc_s11,undergroundcellar.com,26,14-26 employees,http://undergroundcellar.com/,Winter 2015,Consumer
Vest Group Inc.,Vest Group Inc.,ent_startup_vest_group,vestfin.com,50,26-50 employees,http://www.vestfin.com/,Winter 2015,Fintech
Resolve Inc.,Resolve Inc.,ent_startup_resolve,resolvebim.com,10,6-10 employees,https://www.resolvebim.com/,Winter 2015,Real Estate and Construction
YesGraph LLC,YesGraph LLC,ent_startup_yesgraph,yesgraph.com,2,2-2 employees,http://yesgraph.com/,Winter 2015,B2B
Yhat Corporation,Yhat Corporation,ent_startup_yhat,yhat.com,17,9-17 employees,https://www.yhat.com/,Winter 2015,B2B
Bonfire Ltd.,Bonfire Ltd.,ent_startup_bonfire,gobonfire.com,95,48-95 employees,http://gobonfire.com/,Winter 2015,B2B
WayUp Technologies,WayUp Technologies,ent_startup_wayup,wayup.com,50,26-50 employees,http://wayup.com/,Winter 2015,Consumer
Cleanly Inc. (YC W12),Cleanly Inc. (YC W12),ent_startup_cleanly_yc_w12,cleanly.com,40,21-40 employees,https://cleanly.com/,Winter 2015,Consumer
Dealyze (YC S11),Dealyze (YC S11),ent_startup_dealyze_yc_s11,dealyze.com,6,4-6 employees,http://dealyze.com/,Winter 2015,B2B
Lucira Health Group Inc.,Lucira Health Group Inc.,ent_startup_lucira_health_group,lucirahealth.com,43,22-43 employees,https://www.lucirahealth.com/,Winter 2015,Healthcare
Quantierra Inc.,Quantierra Inc.,ent_startup_quantierra,quantierra.com,5,3-5 employees,http://quantierra.com/,Winter 2015,Real Estate and Construction
eBrandvalue LLC,eBrandvalue LLC,ent_startup_ebrandvalue,ebrandvalue.com,10,6-10 employees,https://www.ebrandvalue.com/,Winter 2015,B2B
EquipmentShare Corporation,EquipmentShare Corporation,ent_startup_equipmentshare,equipmentshare.com,5400,2701-5400 employees,https://www.equipmentshare.com/,Winter 2015,Real Estate and Construction
GitLab Ltd.,GitLab Ltd.,ent_startup_gitlab,gitlab.com,2000,1001-2000 employees,http://gitlab.com/,Winter 2015,B2B
Giveffect Technologies,Giveffect Technologies,ent_startup_giveffect,giveffect.com,405,203-405 employees,http://giveffect.com/,Winter 2015,B2B
Glassjar Inc. (YC W12),Glassjar Inc. (YC W12),ent_startup_glassjar_yc_w12,glassjar.co,2,2-2 employees,http://glassjar.co/,Winter 2015,Fintech
Industrial Microbes (YC S11),Industrial Microbes (YC S11),ent_startup_industrial_microbes_yc_s11,imicrobes.com,12,7-12 employees,http://imicrobes.com/,Winter 2015,Healthcare
NexTravel Group Inc.,NexTravel Group Inc.,ent_startup_nextravel_group,nextravel.com,17,9-17 employees,https://www.nextravel.com/,Winter 2015,B2B
Level Frames Inc.,Level Frames Inc.,ent_startup_level_frames,levelframes.com,5,3-5 employees,http://levelframes.com/,Winter 2015,Consumer
Meadow LLC,Meadow LLC,ent_startup_meadow,getmeadow.com,14,8-14 employees,https://getmeadow.com/,Winter 2015,B2B
Moltin Corporation,Moltin Corporation,ent_startup_moltin,moltin.com,32,17-32 employees,https://moltin.com/,Winter 2015,B2B
Nextop Ltd.,Nextop Ltd.,ent_startup_nextop,nextop.io,2,2-2 employees,http://nextop.io/,Winter 2015,B2B
Outbound Technologies,Outbound Technologies,ent_startup_outbound,outbound.io,2,2-2 employees,http://outbound.io/,Winter 2015,B2B
Dabble Inc. (YC W12),Dabble Inc. (YC W12),ent_startup_dabble_yc_w12,dabble.so,3,2-3 employees,https://dabble.so/,Winter 2015,B2B
Pigeonly (YC S11),Pigeonly (YC S11),ent_startup_pigeonly_yc_s11,pigeonly.com,40,21-40 employees,http://pigeonly.com/,Winter 2015,Consumer
Popular Pays Group Inc.,Popular Pays Group Inc.,ent_startup_popular_pays_group,popularpays.com,37,19-37 employees,http://popularpays.com/,Winter 2015,B2B
Pretty Instant Inc.,Pretty Instant Inc.,ent_startup_pretty_instant,prettyinstant.com,3,2-3 employees,https://www.prettyinstant.com/,Winter 2015,Consumer
Priime LLC,Priime LLC,ent_startup_priime,priime.com,3,2-3 employees,https://priime.com/,Winter 2015,Consumer
Razorpay Corporation,Razorpay Corporation,ent_startup_razorpay,razorpay.com,2700,1351-2700 employees,https://razorpay.com/,Winter 2015,Fintech
Rescue Forensics Ltd.,Rescue Forensics Ltd.,ent_startup_rescue_forensics,rescueforensics.com,10,6-10 employees,http://rescueforensics.com/,Winter 2015,Government
Seed Technologies,Seed Technologies,ent_startup_seed,seed.co,11,6-11 employees,http://seed.co/,Winter 2015,Fintech
SigOpt Inc. (YC W12),SigOpt Inc. (YC W12),ent_startup_sigopt_yc_w12,sigopt.com,23,12-23 employees,https://sigopt.com/,Winter 2015,B2B
Spoil (YC S11),Spoil (YC S11),ent_startup_spoil_yc_s11,spoil.co,2,2-2 employees,https://www.spoil.co/,Winter 2015,Consumer
Standard Cyborg Group Inc.,Standard Cyborg Group Inc.,ent_startup_standard_cyborg_group,standardcyborg.com,9,5-9 employees,http://standardcyborg.com/,Winter 2015,Healthcare
Tab Inc.,Tab Inc.,ent_startup_tab,tab.travel,9,5-9 employees,https://www.tab.travel/,Winter 2015,Consumer
Zenflow LLC,Zenflow LLC,ent_startup_zenflow,zenflow.com,18,10-18 employees,http://zenflow.com/,Winter 2015,Healthcare
Transcriptic Corporation,Transcriptic Corporation,ent_startup_transcriptic,transcriptic.com,13,7-13 employees,http://transcriptic.com/,Winter 2015,Healthcare
Valor Water Analytics Ltd.,Valor Water Analytics Ltd.,ent_startup_valor_water_analytics,valorwater.com,2,2-2 employees,http://valorwater.com/,Winter 2015,Industrials
Vanhawks Technologies,Vanhawks Technologies,ent_startup_vanhawks,vanhawks.com,11,6-11 employees,http://vanhawks.com/,Winter 2015,Consumer
VetPronto Inc. (YC W12),VetPronto Inc. (YC W12),ent_startup_vetpronto_yc_w12,vetpronto.com,51,26-51 employees,http://vetpronto.com/,Winter 2015,Healthcare
Wink Health (YC S11),Wink Health (YC S11),ent_startup_wink_health_yc_s11,winkhealth.com,2,2-2 employees,http://winkhealth.com/,Winter 2015,Healthcare
X-Zell Group Inc.,X-Zell Group Inc.,ent_startup_x_zell_group,x-zell.com,19,10-19 employees,http://www.x-zell.com/,Winter 2015,Healthcare
Raven Tech Inc.,Raven Tech Inc.,ent_startup_raven_tech,raventech.com,11,6-11 employees,http://raventech.com/,Winter 2015,B2B
Bagaveev Corporation LLC,Bagaveev Corporation LLC,ent_startup_bagaveev,bagaveev.com,2,2-2 employees,http://bagaveev.com/,Winter 2015,Industrials
Lully Corporation,Lully Corporation,ent_startup_lully,lullysleep.com,5,3-5 employees,https://www.lullysleep.com/,Winter 2015,Healthcare
Chariot Ltd.,Chariot Ltd.,ent_startup_chariot,chariot.com,501,251-501 employees,http://chariot.com/,Winter 2015,Consumer
Flip Technologies,Flip Technologies,ent_startup_flip,justflip.com,129,65-129 employees,http://justflip.com/,Winter 2015,Consumer
Tara AI Inc. (YC W12),Tara AI Inc. (YC W12),ent_startup_tara_yc_w12,tara.ai,13,7-13 employees,http://www.tara.ai/,Winter 2015,B2B
Replika (YC S11),Replika (YC S11),ent_startup_replika_yc_s11,replika.ai,28,15-28 employees,https://replika.ai/,Winter 2015,Consumer
Automate Ads Group Inc.,Automate Ads Group Inc.,ent_startup_automate_ads_group,kuhcoon.com,2,2-2 employees,http://kuhcoon.com/,Winter 2015,B2B
NimbleRx Inc.,NimbleRx Inc.,ent_startup_nimblerx,nimblerx.com,130,66-130 employees,http://nimblerx.com/,Winter 2015,Healthcare
Nomiku LLC,Nomiku LLC,ent_startup_nomiku,nomiku.com,11,6-11 employees,http://nomiku.com/,Winter 2015,Consumer
Spire Health Corporation,Spire Health Corporation,ent_startup_spire_health,spirehealth.com,52,27-52 employees,https://spirehealth.com/,Winter 2015,Healthcare
ThinAir Ltd.,ThinAir Ltd.,ent_startup_thinair,thinair.com,11,6-11 employees,http://thinair.com/,Winter 2015,B2B
Lumi Technologies,Lumi Technologies,ent_startup_lumi,lumi.com,67,34-67 employees,https://www.lumi.com/,Winter 2015,B2B
Mashgin Inc. (YC W12),Mashgin Inc. (YC W12),ent_startup_mashgin_yc_w12,mashgin.com,150,76-150 employees,http://mashgin.com/,Winter 2015,B2B
Shasqi (YC S11),Shasqi (YC S11),ent_startup_shasqi_yc_s11,,28,15-28 employees,,Winter 2015,Healthcare
Triplebyte Group Inc.,Triplebyte Group Inc.,ent_startup_triplebyte_group,triplebyte.com,70,36-70 employees,https://triplebyte.com/,Summer 2015,B2B
Lugg Inc.,Lugg Inc.,ent_startup_lugg,lugg.com,50,26-50 employees,http://lugg.com/,Summer 2015,Consumer
Teleport LLC,Teleport LLC,ent_startup_teleport,goteleport.com,255,128-255 employees,https://goteleport.com/,Summer 2015,B2B
Serica Corporation,Serica Corporation,ent_startup_serica,sericapay.com,2,2-2 employees,http://sericapay.com/,Summer 2015,Fintech
teaBOT Ltd.,teaBOT Ltd.,ent_startup_teabot,teabot.com,2,2-2 employees,http://teabot.com/,Summer 2015,B2B
Leaders In Tech Technologies,Leaders In Tech Technologies,ent_startup_leaders_in_tech,leadersintech.org,1,1-1 employees,http://leadersintech.org/,Summer 2015,Unspecified
Ironclad Inc. (YC W12),Ironclad Inc. (YC W12),ent_startup_ironclad_yc_w12,ironcladapp.com,700,351-700 employees,http://ironcladapp.com/,Summer 2015,B2B
Jopwell (YC S11),Jopwell (YC S11),ent_startup_jopwell_yc_s11,jopwell.com,50,26-50 employees,http://jopwell.com/,Summer 2015,B2B
L. Group Inc.,L. Group Inc.,ent_startup_l_group,thisisl.com,262,132-262 employees,http://thisisl.com/,Summer 2015,Consumer
New Story Inc.,New Story Inc.,ent_startup_new_story,newstoryhomes.org,20,11-20 employees,http://newstoryhomes.org/,Summer 2015,Real Estate and Construction
OpenInvest LLC,OpenInvest LLC,ent_startup_openinvest,openinvest.com,110,56-110 employees,http://www.openinvest.com/,Summer 2015,Fintech
Gemnote Corporation,Gemnote Corporation,ent_startup_gemnote,gemnote.com,40,21-40 employees,http://gemnote.com/,Summer 2015,B2B
Assembly Ltd.,Assembly Ltd.,ent_startup_assembly,asm.co,12,7-12 employees,https://asm.co/,Summer 2015,B2B
PartnerStack Technologies,PartnerStack Technologies,ent_startup_partnerstack,partnerstack.com,200,101-200 employees,https://partnerstack.com/,Summer 2015,B2B
Roomblocker Inc. (YC W12),Roomblocker Inc. (YC W12),ent_startup_roomblocker_yc_w12,roomblocker.com,2,2-2 employees,http://roomblocker.com/,Summer 2015,Consumer
ROSS Intelligence (YC S11),ROSS Intelligence (YC S11),ent_startup_ross_intelligence_yc_s11,rossintelligence.com,30,16-30 employees,http://rossintelligence.com/,Summer 2015,B2B
Scope AR Group Inc.,Scope AR Group Inc.,ent_startup_scope_ar_group,scopear.com,50,26-50 employees,http://scopear.com/,Summer 2015,Consumer
Second Measure Inc.,Second Measure Inc.,ent_startup_second_measure,secondmeasure.com,62,32-62 employees,http://secondmeasure.com/,Summer 2015,B2B
SnapMagic LLC,SnapMagic LLC,ent_startup_snapmagic,snapmagic.com,23,12-23 employees,https://www.snapmagic.com/,Summer 2015,B2B
SourceDNA Corporation,SourceDNA Corporation,ent_startup_sourcedna,sourcedna.com,6,4-6 employees,http://sourcedna.com/,Summer 2015,B2B
Vernox Ltd.,Vernox Ltd.,ent_startup_vernox,vernox.io,2,2-2 employees,http://www.vernox.io/,Summer 2015,Real Estate and Construction
Hickory Technologies,Hickory Technologies,ent_startup_hickory,hickorytraining.com,11,6-11 employees,http://hickorytraining.com/,Summer 2015,B2B
Heroic Labs Inc. (YC W12),Heroic Labs Inc. (YC W12),ent_startup_heroic_yc_w12,heroiclabs.com,21,11-21 employees,http://heroiclabs.com/,Summer 2015,Consumer
Airmada (YC S11),Airmada (YC S11),ent_startup_airmada_yc_s11,airmada.com,2,2-2 employees,http://www.airmada.com/,Summer 2015,Industrials
Call9 Group Inc.,Call9 Group Inc.,ent_startup_call9_group,callnine.com,51,26-51 employees,http://callnine.com/,Summer 2015,Healthcare
CareLedger Inc.,CareLedger Inc.,ent_startup_careledger,careledger.com,381,191-381 employees,http://careledger.com/,Summer 2015,Healthcare
Branch8 LLC,Branch8 LLC,ent_startup_branch8,branch8.com,15,8-15 employees,https://www.branch8.com/,Summer 2015,B2B
Confident LIMS Corporation,Confident LIMS Corporation,ent_startup_confident_lims,confidentlims.com,17,9-17 employees,https://confidentlims.com/,Summer 2015,B2B
Convox Ltd.,Convox Ltd.,ent_startup_convox,convox.com,3,2-3 employees,http://convox.com/,Summer 2015,B2B
Cymmetria Technologies,Cymmetria Technologies,ent_startup_cymmetria,cymmetria.com,11,6-11 employees,http://cymmetria.com/,Summer 2015,B2B
Shotput Inc. (YC W12),Shotput Inc. (YC W12),ent_startup_shotput_yc_w12,theshotput.com,2,2-2 employees,http://theshotput.com/,Summer 2015,B2B
Eden (YC S11),Eden (YC S11),ent_startup_eden_yc_s11,edenworkplace.com,45,23-45 employees,https://www.edenworkplace.com/,Summer 2015,B2B
Foxpass Group Inc.,Foxpass Group Inc.,ent_startup_foxpass_group,foxpass.com,10,6-10 employees,https://www.foxpass.com/,Summer 2015,B2B
SunFarmer Inc.,SunFarmer Inc.,ent_startup_sunfarmer,sunfarmer.org,15,8-15 employees,http://sunfarmer.org/,Summer 2015,Industrials
Stitch Health LLC,Stitch Health LLC,ent_startup_stitch_health,stitch.health,2,2-2 employees,https://stitch.health/,Summer 2015,Healthcare
Reach Corporation,Reach Corporation,ent_startup_reach,reachpower.com,45,23-45 employees,https://reachpower.com/,Summer 2015,Industrials
Tesorio Ltd.,Tesorio Ltd.,ent_startup_tesorio,tesorio.com,53,27-53 employees,https://www.tesorio.com/,Summer 2015,B2B
Thrive Agritech Technologies,Thrive Agritech Technologies,ent_startup_thrive_agritech,thriveagritech.com,8,5-8 employees,http://www.thriveagritech.com/,Summer 2015,Industrials
Verge Genomics Inc. (YC W12),Verge Genomics Inc. (YC W12),ent_startup_verge_genomics_yc_w12,vergegenomics.com,50,26-50 employees,http://vergegenomics.com/,Summer 2015,Healthcare
Afrostream (YC S11),Afrostream (YC S11),ent_startup_afrostream_yc_s11,afrostream.tv,11,6-11 employees,http://afrostream.tv/,Summer 2015,Consumer
Apollo Health Group Inc.,Apollo Health Group Inc.,ent_startup_apollo_health_group,apollo.com,486,244-486 employees,http://apollo.com/,Summer 2015,Consumer
Willing Inc.,Willing Inc.,ent_startup_willing,willing.com,10,6-10 employees,https://www.willing.com/,Summer 2015,Consumer
Bistrobot LLC,Bistrobot LLC,ent_startup_bistrobot,bistrobot.com,2,2-2 employees,http://bistrobot.com/,Summer 2015,B2B
Bluecrew Corporation,Bluecrew Corporation,ent_startup_bluecrew,bluecrewjobs.com,100,51-100 employees,http://bluecrewjobs.com/,Summer 2015,B2B
Bodyport Ltd.,Bodyport Ltd.,ent_startup_bodyport,bodyport.com,19,10-19 employees,http://bodyport.com/,Summer 2015,Healthcare
Appcanary Technologies,Appcanary Technologies,ent_startup_appcanary,appcanary.com,2,2-2 employees,http://appcanary.com/,Summer 2015,B2B
Chaldal Inc. (YC W12),Chaldal Inc. (YC W12),ent_startup_chaldal_yc_w12,chaldal.com,2886,1444-2886 employees,http://chaldal.com/,Summer 2015,Consumer
Cloudstitch (YC S11),Cloudstitch (YC S11),ent_startup_cloudstitch_yc_s11,cloudstitch.com,4,3-4 employees,http://cloudstitch.com/,Summer 2015,B2B
Sphere Secure Workspace Group Inc.,Sphere Secure Workspace Group Inc.,ent_startup_sphere_secure_workspace_group,sphere.works,2,2-2 employees,http://sphere.works/,Summer 2015,B2B
Drip Capital Inc.,Drip Capital Inc.,ent_startup_drip_capital,dripcapital.com,280,141-280 employees,http://dripcapital.com/,Summer 2015,Fintech
GiveCampus LLC,GiveCampus LLC,ent_startup_givecampus,go.givecampus.com,130,66-130 employees,http://go.givecampus.com/,Summer 2015,Education
Circle Medical Corporation,Circle Medical Corporation,ent_startup_circle_medical,circlemedical.com,235,118-235 employees,https://circlemedical.com/,Summer 2015,Healthcare
zPREDICTA Ltd.,zPREDICTA Ltd.,ent_startup_zpredicta,zpredicta.com,2,2-2 employees,http://zpredicta.com/,Summer 2015,Healthcare
jEugene Technologies,jEugene Technologies,ent_startup_jeugene,jeugene.com,2,2-2 employees,https://www.jeugene.com/,Summer 2015,B2B
Leada Inc. (YC W12),Leada Inc. (YC W12),ent_startup_leada_yc_w12,teamleada.com,1,1-1 employees,http://www.teamleada.com/,Summer 2015,Education
Locent (YC S11),Locent (YC S11),ent_startup_locent_yc_s11,locent.com,11,6-11 employees,http://locent.com/,Summer 2015,B2B
Markhor Group Inc.,Markhor Group Inc.,ent_startup_markhor_group,markhor.com,5,3-5 employees,http://markhor.com/,Summer 2015,Consumer
Zeplin Inc.,Zeplin Inc.,ent_startup_zeplin,zeplin.io,140,71-140 employees,https://zeplin.io/,Summer 2015,B2B
Microhealth LLC,Microhealth LLC,ent_startup_microhealth,microhealth.com,10,6-10 employees,http://microhealth.com/,Summer 2015,Healthcare
Ohm Corporation,Ohm Corporation,ent_startup_ohm,getohm.com,119,60-119 employees,http://getohm.com/,Summer 2015,Industrials
Fountain Ltd.,Fountain Ltd.,ent_startup_fountain,fountain.com,200,101-200 employees,http://fountain.com/,Summer 2015,B2B
Oolu Technologies,Oolu Technologies,ent_startup_oolu,oolusolar.com,230,116-230 employees,http://oolusolar.com/,Summer 2015,Industrials
Paribus Inc. (YC W12),Paribus Inc. (YC W12),ent_startup_paribus_yc_w12,ramp.com,140,71-140 employees,https://ramp.com/,Summer 2015,Fintech
PickTrace (YC S11),PickTrace (YC S11),ent_startup_picktrace_yc_s11,picktrace.com,65,33-65 employees,http://picktrace.com/company,Summer 2015,Industrials
Prayas Analytics Group Inc.,Prayas Analytics Group Inc.,ent_startup_prayas_analytics_group,prayasanalytics.com,2,2-2 employees,http://prayasanalytics.com/,Summer 2015,B2B
Interviewed Inc.,Interviewed Inc.,ent_startup_interviewed,interviewed.com,161,81-161 employees,http://interviewed.com/,Summer 2015,B2B
Plate IQ LLC,Plate IQ LLC,ent_startup_plate_iq,plateiq.com,200,101-200 employees,https://plateiq.com/,Summer 2015,Fintech
RedCarpetUp Corporation,RedCarpetUp Corporation,ent_startup_redcarpetup,redcarpetup.com,100,51-100 employees,http://redcarpetup.com/,Summer 2015,Fintech
Reduced Energy Microsystems Ltd.,Reduced Energy Microsystems Ltd.,ent_startup_reduced_energy_microsystems,remicro.com,2,2-2 employees,http://remicro.com/,Summer 2015,Industrials
Scentbird Technologies,Scentbird Technologies,ent_startup_scentbird,scentbird.com,165,83-165 employees,https://www.scentbird.com/,Summer 2015,Consumer
Seva Coffee Inc. (YC W12),Seva Coffee Inc. (YC W12),ent_startup_seva_coffee_yc_w12,sevacoffee.com,2,2-2 employees,http://sevacoffee.com/,Summer 2015,Consumer
Shape (ShapeScale) (YC S11),Shape (ShapeScale) (YC S11),ent_startup_shape_shapescale_yc_s11,shapescale.com,7,4-7 employees,https://shapescale.com/,Summer 2015,Consumer
Shred Video Group Inc.,Shred Video Group Inc.,ent_startup_shred_video_group,shredvideo.com,2,2-2 employees,https://shredvideo.com/,Summer 2015,Consumer
Xendit Inc.,Xendit Inc.,ent_startup_xendit,xendit.co,700,351-700 employees,https://www.xendit.co/,Summer 2015,Fintech
Xfers LLC,Xfers LLC,ent_startup_xfers,xfers.com,51,26-51 employees,http://xfers.com/,Summer 2015,Fintech
Traversal Networks Corporation,Traversal Networks Corporation,ent_startup_traversal_networks,traversalnetworks.com,1,1-1 employees,http://traversalnetworks.com/,Summer 2015,B2B
"80,000 Hours Ltd.","80,000 Hours Ltd.",ent_startup_80_000_hours,80000hours.org,13,7-13 employees,http://80000hours.org/,Summer 2015,Unspecified
Font Awesome Technologies,Font Awesome Technologies,ent_startup_font_awesome,fontawesome.com,17,9-17 employees,http://fontawesome.com/,Summer 2015,B2B
Go1 Inc. (YC W12),Go1 Inc. (YC W12),ent_startup_go1_yc_w12,go1.com,650,326-650 employees,https://go1.com/,Summer 2015,B2B
Saida (YC S11),Saida (YC S11),ent_startup_saida_yc_s11,getsaida.com,4,3-4 employees,http://getsaida.com/,Summer 2015,Fintech
HER Group Inc.,HER Group Inc.,ent_startup_her_group,weareher.com,10,6-10 employees,http://weareher.com/,Summer 2015,Consumer
Maderight Inc.,Maderight Inc.,ent_startup_maderight,maderight.com,51,26-51 employees,http://maderight.com/,Summer 2015,B2B
Blitz Esports LLC,Blitz Esports LLC,ent_startup_blitz_esports,blitzesports.com,11,6-11 employees,http://blitzesports.com/,Summer 2015,Consumer
The Ticket Fairy Corporation,The Ticket Fairy Corporation,ent_startup_the_ticket_fairy,ticketfairy.com,30,16-30 employees,https://www.ticketfairy.com/,Summer 2015,Consumer
Fetch Ltd.,Fetch Ltd.,ent_startup_fetch,fetchtruck.com,24,13-24 employees,https://fetchtruck.com/,Summer 2015,Consumer
Wheelys Café Technologies,Wheelys Café Technologies,ent_startup_wheelys_caf,wheelyscafe.com,11,6-11 employees,http://wheelyscafe.com/,Summer 2015,Consumer
TetraScience Inc. (YC W12),TetraScience Inc. (YC W12),ent_startup_tetrascience_yc_w12,tetrascience.com,100,51-100 employees,https://www.tetrascience.com/,Summer 2015,Healthcare
Mimir (YC S11),Mimir (YC S11),ent_startup_mimir_yc_s11,mimirhq.com,8,5-8 employees,https://mimirhq.com/,Summer 2015,Education
Auro Robotics Group Inc.,Auro Robotics Group Inc.,ent_startup_auro_robotics_group,auro.ai,322,162-322 employees,http://www.auro.ai/,Summer 2015,Industrials
Klarismo Inc.,Klarismo Inc.,ent_startup_klarismo,klarismo.com,10,6-10 employees,http://klarismo.com/,Summer 2015,Healthcare
Nebia LLC,Nebia LLC,ent_startup_nebia,nebia.com,16,9-16 employees,http://nebia.com/,Summer 2015,Consumer
StyleBee Corporation,StyleBee Corporation,ent_startup_stylebee,stylebee.com,11,6-11 employees,http://stylebee.com/,Summer 2015,Consumer
PlateJoy Ltd.,PlateJoy Ltd.,ent_startup_platejoy,platejoy.com,11,6-11 employees,http://platejoy.com/,Summer 2015,Consumer
Bitmovin Technologies,Bitmovin Technologies,ent_startup_bitmovin,bitmovin.com,145,73-145 employees,http://bitmovin.com/,Summer 2015,B2B
Cofactor Genomics Inc. (YC W12),Cofactor Genomics Inc. (YC W12),ent_startup_cofactor_genomics_yc_w12,cofactorgenomics.com,13,7-13 employees,http://cofactorgenomics.com/,Summer 2015,Healthcare
Instawork (YC S11),Instawork (YC S11),ent_startup_instawork_yc_s11,instawork.com,500,251-500 employees,http://instawork.com/,Summer 2015,B2B
Eight Sleep Group Inc.,Eight Sleep Group Inc.,ent_startup_eight_sleep_group,eightsleep.com,100,51-100 employees,http://eightsleep.com/,Summer 2015,Consumer
Vive Inc.,Vive Inc.,ent_startup_vive,,11,6-11 employees,,Summer 2015,Consumer
Flirtey (SkyDrop) LLC,Flirtey (SkyDrop) LLC,ent_startup_flirtey_skydrop,,11,6-11 employees,,Summer 2015,Industrials
Human Interest Corporation,Human Interest Corporation,ent_startup_human_interest,humaninterest.com,765,383-765 employees,http://humaninterest.com/,Summer 2015,B2B
Halolife Ltd.,Halolife Ltd.,ent_startup_halolife,halolife.com,2,2-2 employees,http://halolife.com/,Summer 2015,Consumer
Tenant Turner Technologies,Tenant Turner Technologies,ent_startup_tenant_turner,tenantturner.com,15,8-15 employees,http://tenantturner.com/,Summer 2015,Real Estate and Construction
VOIQ Inc. (YC W12),VOIQ Inc. (YC W12),ent_startup_voiq_yc_w12,voiq.com,8,5-8 employees,http://voiq.com/,Summer 2015,B2B
Gigster (YC S11),Gigster (YC S11),ent_startup_gigster_yc_s11,gigster.com,51,26-51 employees,https://gigster.com/,Summer 2015,B2B
Mux Group Inc.,Mux Group Inc.,ent_startup_mux_group,mux.com,95,48-95 employees,http://mux.com/,Winter 2016,B2B
Lattice Inc.,Lattice Inc.,ent_startup_lattice,lattice.com,540,271-540 employees,https://lattice.com/,Winter 2016,B2B
SOUNDBOKS LLC,SOUNDBOKS LLC,ent_startup_soundboks,soundboks.com,50,26-50 employees,http://soundboks.com/,Winter 2016,Consumer
Compgun Corporation,Compgun Corporation,ent_startup_compgun,compgun.com,11,6-11 employees,http://compgun.com/,Winter 2016,B2B
Deepgram Ltd.,Deepgram Ltd.,ent_startup_deepgram,deepgram.com,115,58-115 employees,https://www.deepgram.com/,Winter 2016,B2B
Stealth Worker Technologies,Stealth Worker Technologies,ent_startup_stealth_worker,stealthworker.com,5,3-5 employees,https://www.stealthworker.com/,Winter 2016,B2B
Stilt Inc. (YC W12),Stilt Inc. (YC W12),ent_startup_stilt_yc_w12,stilt.com,35,18-35 employees,http://www.stilt.com/,Winter 2016,Fintech
Magic Instruments (YC S11),Magic Instruments (YC S11),ent_startup_magic_instruments_yc_s11,,2,2-2 employees,,Winter 2016,Consumer
Embark Trucks Group Inc.,Embark Trucks Group Inc.,ent_startup_embark_trucks_group,embarktrucks.com,300,151-300 employees,http://embarktrucks.com/,Winter 2016,Industrials
VINEBOX (Usual Beverage Co.) Inc.,VINEBOX (Usual Beverage Co.) Inc.,ent_startup_vinebox_usual_beverage,getvinebox.com,11,6-11 employees,http://www.getvinebox.com/,Winter 2016,Consumer
Yardbook LLC,Yardbook LLC,ent_startup_yardbook,yardbook.com,4,3-4 employees,https://www.yardbook.com/,Winter 2016,B2B
Chatfuel Corporation,Chatfuel Corporation,ent_startup_chatfuel,chatfuel.com,53,27-53 employees,http://chatfuel.com/,Winter 2016,B2B
AlphaFlow Ltd.,AlphaFlow Ltd.,ent_startup_alphaflow,alphaflow.com,26,14-26 employees,http://www.alphaflow.com/,Winter 2016,Fintech
GetAccept Technologies,GetAccept Technologies,ent_startup_getaccept,getaccept.com,200,101-200 employees,https://www.getaccept.com/,Winter 2016,B2B
iSono Health Inc. (YC W12),iSono Health Inc. (YC W12),ent_startup_isono_health_yc_w12,isonohealth.com,9,5-9 employees,http://www.isonohealth.com/,Winter 2016,Healthcare
Tovala (YC S11),Tovala (YC S11),ent_startup_tovala_yc_s11,tovala.com,375,188-375 employees,http://www.tovala.com/,Winter 2016,Consumer
MagicBus Group Inc.,MagicBus Group Inc.,ent_startup_magicbus_group,magicbus.io,18,10-18 employees,http://www.magicbus.io/,Winter 2016,Consumer
Mason Inc.,Mason Inc.,ent_startup_mason,bymason.com,65,33-65 employees,http://www.bymason.com/,Winter 2016,B2B
Outschool LLC,Outschool LLC,ent_startup_outschool,outschool.com,107,54-107 employees,http://outschool.com/,Winter 2016,Education
Petcube Corporation,Petcube Corporation,ent_startup_petcube,petcube.com,51,26-51 employees,http://petcube.com/,Winter 2016,Consumer
Daily Ltd.,Daily Ltd.,ent_startup_daily,daily.co,126,64-126 employees,https://daily.co/,Winter 2016,B2B
Mio Technologies,Mio Technologies,ent_startup_mio,m.io,12,7-12 employees,http://m.io/,Winter 2016,B2B
Algoriz Inc. (YC W12),Algoriz Inc. (YC W12),ent_startup_algoriz_yc_w12,algoriz.com,4,3-4 employees,http://www.algoriz.com/,Winter 2016,Fintech
Focal Systems (YC S11),Focal Systems (YC S11),ent_startup_focal_yc_s11,focal.systems,170,86-170 employees,http://www.focal.systems/,Winter 2016,B2B
Loop Genomics Group Inc.,Loop Genomics Group Inc.,ent_startup_loop_genomics_group,loopgenomics.com,7,4-7 employees,http://www.loopgenomics.com/,Winter 2016,Healthcare
Toymail Inc.,Toymail Inc.,ent_startup_toymail,toymail.co,2,2-2 employees,http://www.toymail.co/,Winter 2016,Consumer
UpLabs LLC,UpLabs LLC,ent_startup_uplabs,uplabs.com,1,1-1 employees,https://www.uplabs.com/,Winter 2016,B2B
WorldCover Corporation,WorldCover Corporation,ent_startup_worldcover,worldcovr.com,20,11-20 employees,https://www.worldcovr.com/,Winter 2016,Fintech
Able Health Ltd.,Able Health Ltd.,ent_startup_able_health,ablehealth.com,11,6-11 employees,http://ablehealth.com/,Winter 2016,Healthcare
Truebill Technologies,Truebill Technologies,ent_startup_truebill,truebill.com,225,113-225 employees,https://www.truebill.com/,Winter 2016,Fintech
Chillabit Inc. (YC W12),Chillabit Inc. (YC W12),ent_startup_chillabit_yc_w12,chillabit.io,3,2-3 employees,https://chillabit.io/,Winter 2016,Consumer
Deako (YC S11),Deako (YC S11),ent_startup_deako_yc_s11,deako.com,11,6-11 employees,https://www.deako.com/,Winter 2016,Consumer
DoseDr Group Inc.,DoseDr Group Inc.,ent_startup_dosedr_group,dosedr.com,2,2-2 employees,https://www.dosedr.com/,Winter 2016,Healthcare
Copia Inc.,Copia Inc.,ent_startup_copia,gocopia.com,20,11-20 employees,http://www.gocopia.com/,Winter 2016,B2B
Gigwell LLC,Gigwell LLC,ent_startup_gigwell,gigwell.com,12,7-12 employees,https://www.gigwell.com/,Winter 2016,B2B
InnoVein Corporation,InnoVein Corporation,ent_startup_innovein,innoveinmedical.com,5,3-5 employees,http://innoveinmedical.com/,Winter 2016,Healthcare
Inevitable Tech Ltd.,Inevitable Tech Ltd.,ent_startup_inevitable_tech,inevitabletech.com,80,41-80 employees,https://inevitabletech.com/,Winter 2016,Industrials
LendEDU Technologies,LendEDU Technologies,ent_startup_lendedu,lendedu.com,10,6-10 employees,https://lendedu.com/,Winter 2016,Education
Luminist Labs Inc. (YC W12),Luminist Labs Inc. (YC W12),ent_startup_luminist_yc_w12,luministlabs.com,2,2-2 employees,http://luministlabs.com/,Winter 2016,Healthcare
Meter Feeder (YC S11),Meter Feeder (YC S11),ent_startup_meter_feeder_yc_s11,meterfeeder.com,4,3-4 employees,http://www.meterfeeder.com/,Winter 2016,Fintech
MineralSoft Group Inc.,MineralSoft Group Inc.,ent_startup_mineralsoft_group,mineralsoft.com,35,18-35 employees,https://mineralsoft.com/,Winter 2016,Industrials
PocketSuite Inc.,PocketSuite Inc.,ent_startup_pocketsuite,pocketsuite.io,30,16-30 employees,https://pocketsuite.io/,Winter 2016,B2B
Pulpix LLC,Pulpix LLC,ent_startup_pulpix,pulpix.com,15,8-15 employees,https://www.pulpix.com/,Winter 2016,B2B
Revl Corporation,Revl Corporation,ent_startup_revl,revl.com,22,12-22 employees,https://revl.com/,Winter 2016,B2B
Paystack Ltd.,Paystack Ltd.,ent_startup_paystack,paystack.com,115,58-115 employees,https://www.paystack.com/,Winter 2016,Fintech
Bus.com Technologies,Bus.com Technologies,ent_startup_bus_com,bus.com,90,46-90 employees,http://www.bus.com/,Winter 2016,B2B
Unima Inc. (YC W12),Unima Inc. (YC W12),ent_startup_unima_yc_w12,unimadx.com,26,14-26 employees,http://www.unimadx.com/,Winter 2016,Healthcare
Enflux (YC S11),Enflux (YC S11),ent_startup_enflux_yc_s11,getenflux.com,2,2-2 employees,http://getenflux.com/,Winter 2016,Healthcare
Goodybag Group Inc.,Goodybag Group Inc.,ent_startup_goodybag_group,goodybag.com,11,6-11 employees,http://goodybag.com/,Winter 2016,B2B
Open Motors Inc.,Open Motors Inc.,ent_startup_open_motors,openmotors.co,11,6-11 employees,https://www.openmotors.co/,Winter 2016,Industrials
Start Closing LLC,Start Closing LLC,ent_startup_start_closing,startclosing.com,2,2-2 employees,http://www.startclosing.com/,Winter 2016,Real Estate and Construction
MailTime Corporation,MailTime Corporation,ent_startup_mailtime,mailtime.com,18,10-18 employees,http://mailtime.com/,Winter 2016,B2B
Monthli Ltd.,Monthli Ltd.,ent_startup_monthli,monthli.com,4,3-4 employees,http://www.monthli.com/,Winter 2016,Real Estate and Construction
Opentrons Technologies,Opentrons Technologies,ent_startup_opentrons,opentrons.com,300,151-300 employees,http://opentrons.com/,Winter 2016,Healthcare
Castle Inc. (YC W12),Castle Inc. (YC W12),ent_startup_castle_yc_w12,entercastle.com,11,6-11 employees,http://entercastle.com/,Winter 2016,Real Estate and Construction
Castle (YC S11),Castle (YC S11),ent_startup_castle_yc_s11,castle.io,20,11-20 employees,https://castle.io/,Winter 2016,B2B
Netomi Group Inc.,Netomi Group Inc.,ent_startup_netomi_group,netomi.com,3,2-3 employees,https://netomi.com/,Winter 2016,B2B
Superside Inc.,Superside Inc.,ent_startup_superside,superside.com,850,426-850 employees,http://www.superside.com/,Winter 2016,B2B
ConstructVR LLC,ConstructVR LLC,ent_startup_constructvr,constructvr.io,2,2-2 employees,https://www.constructvr.io/,Winter 2016,Consumer
Function of Beauty Corporation,Function of Beauty Corporation,ent_startup_function_of_beauty,functionofbeauty.com,300,151-300 employees,http://www.functionofbeauty.com/,Winter 2016,Consumer
Luciq (formerly Instabug) Ltd.,Luciq (formerly Instabug) Ltd.,ent_startup_luciq_formerly_instabug,luciq.ai,250,126-250 employees,https://luciq.ai/,Winter 2016,B2B
Interstate Analytics Technologies,Interstate Analytics Technologies,ent_startup_interstate_analytics,interstateanalytics.com,2,2-2 employees,http://interstateanalytics.com/,Winter 2016,B2B
Patchwork Security Inc. (YC W12),Patchwork Security Inc. (YC W12),ent_startup_patchwork_security_yc_w12,patchworksecurity.com,2,2-2 employees,http://patchworksecurity.com/,Winter 2016,B2B
Pave (YC S11),Pave (YC S11),ent_startup_pave_yc_s11,paveai.com,6,4-6 employees,https://www.paveai.com/,Winter 2016,B2B
Podium Group Inc.,Podium Group Inc.,ent_startup_podium_group,podium.com,1000,501-1000 employees,https://podium.com/,Winter 2016,B2B
Salt Security Inc.,Salt Security Inc.,ent_startup_salt_security,salt.security,200,101-200 employees,https://salt.security/,Winter 2016,B2B
Apollo.io LLC,Apollo.io LLC,ent_startup_apollo_io,apollo.io,800,401-800 employees,https://www.apollo.io/,Winter 2016,B2B
Poppy Corporation,Poppy Corporation,ent_startup_poppy,meetpoppy.com,2,2-2 employees,http://meetpoppy.com/,Winter 2016,Consumer
Anchor Health Ltd.,Anchor Health Ltd.,ent_startup_anchor_health,anchorhealth.com,2,2-2 employees,http://anchorhealth.com/,Winter 2016,Healthcare
Thunkable Technologies,Thunkable Technologies,ent_startup_thunkable,thunkable.com,40,21-40 employees,http://thunkable.com/,Winter 2016,B2B
Plato Inc. (YC W12),Plato Inc. (YC W12),ent_startup_plato_yc_w12,platohq.com,26,14-26 employees,http://www.platohq.com/,Winter 2016,B2B
Lynks (YC S11),Lynks (YC S11),ent_startup_lynks_yc_s11,lynks.com,40,21-40 employees,https://www.lynks.com/,Winter 2016,Consumer
Emburse Group Inc.,Emburse Group Inc.,ent_startup_emburse_group,emburse.com,438,220-438 employees,https://www.emburse.com/,Winter 2016,Fintech
Gecko Robotics Inc.,Gecko Robotics Inc.,ent_startup_gecko_robotics,geckorobotics.com,230,116-230 employees,https://www.geckorobotics.com/,Winter 2016,Industrials
GoLorry LLC,GoLorry LLC,ent_startup_golorry,golorry.com,30,16-30 employees,http://www.golorry.com/,Winter 2016,B2B
HistoWiz Corporation,HistoWiz Corporation,ent_startup_histowiz,histowiz.com,2,2-2 employees,http://histowiz.com/,Winter 2016,Healthcare
Landed Ltd.,Landed Ltd.,ent_startup_landed,landed.com,2,2-2 employees,http://www.landed.com/,Winter 2016,Fintech
mRelief Technologies,mRelief Technologies,ent_startup_mrelief,mrelief.com,12,7-12 employees,https://www.mrelief.com/,Winter 2016,Unspecified
NetBeez Inc. (YC W12),NetBeez Inc. (YC W12),ent_startup_netbeez_yc_w12,netbeez.net,12,7-12 employees,https://netbeez.net/,Winter 2016,B2B
Redspread (YC S11),Redspread (YC S11),ent_startup_redspread_yc_s11,redspread.com,487,244-487 employees,http://redspread.com/,Winter 2016,B2B
Caper Group Inc.,Caper Group Inc.,ent_startup_caper_group,caper.ai,15,8-15 employees,https://www.caper.ai/,Winter 2016,B2B
TRAC Inc.,TRAC Inc.,ent_startup_trac,tracchicago.com,2,2-2 employees,https://www.tracchicago.com/,Winter 2016,Healthcare
